Home,Road,line,linesag,linepz,lineARGH,linekam,lineavg,linewunder,linepig,linens,linecpa,lineexcel,linemore,linedunk,linecpar,linepyth,lineelo,lineeff,linetrexler,linel2,lineschmidt,linel1,linel2h,linefox,lineca,linebihl,linedoi,linesage,linesagp,lineps,lineopen,linepts,linejohns,linemass,linecoff,lineesp,linetalisman,linerx,linel2to,linelog,linemidweek,linemed,linekerns,linejens,lineash,linestjohn,lineburd,linemrr,linedok,linepugh,linest,linecovers,linelock,linesun2,linewhatif,lineround,linedwig,lineff,linegametime,linesmart,lineshark,linebemiss,linelinx,linecombo,linegirl,linelaff,linepasteur,linearmstrong,linesun1,linedonchess,linerwp,linepi1,linepi2,linepi3,linestd,rscore,hscore,week
Buffalo,New England,-10,-10.45,-7.27,-6,-11.54,-8.9,,-8,-8,-12.08,-3,2.5,-7.04,-13.96,-7.86,-7.63,-6.01,,-11.88,,-9,-6.05,-11,-10,,-6.74,-10.45,-10.45,,-6.5,-17.13,,-7,,-2.3,-12.63,-11.5,-8.49,-7.94,-8.5,-8.2,-17.3,-8.2,-6,-7.66,-8.2,-4.35,-8.25,-14.59,-13.5,-9,-13,-12,-8,,-3.75,-7.5,-1,,-19.8,-3,,,,-26,-5.24,,-12,-8,-16.57,-12,-8.2,-12.4,4.970378529,23,21,1
Carolina,Seattle,-3,-3.4,-5.18,-4,-4.38,-4.89,,-5,-12,-9.28,-7,2.5,-6.04,-9.66,-4.48,-3.58,-2.19,,-6,,-3,-3.63,-6,-3,,-2.74,-3.4,-3.4,,-3.5,-9.1,,-4,,-3.1,-8.98,-6.8,-7.38,-3.47,-3.5,-4.48,-6,-3,-6,-4.96,-3.4,-4.03,-3.41,-5.78,-8.5,-6.5,-4,-5,-7,,-11.1,-1,-1,,-10.9,1,,,,-13.6,-3.08,,-5,-3,-8.18,-4.2,-4.9,-4.4,3.0866317727,12,7,1
Chicago,Cincinnati,3,3.51,0.94,3,4.64,2.05,,3,-1,-0.38,3,2.5,-4.58,-0.26,4.98,0.99,4.33,,-0.22,,1,-3.65,3,3,,3.66,3.51,3.51,,3,3.3,,3,,1.1,0.44,1.2,-3.76,2.06,3,2.5,6.7,4.2,0.01,2.22,0.2,5.42,3.99,5.46,7,4,4,3,-3,,-1.4,0.01,2,,1.7,2.75,,,,11.1,2.65,,3,5,6.32,1,1.4,1,2.7865087844,21,24,1
Cleveland,Miami,2.5,0.1,-0.95,1,-2.25,-0.09,,0.01,-2,-5.68,4,2.5,2.88,-2.56,1.34,-1.51,1.98,,1.1,,-2.51,3.32,0.01,2,,0.63,0.1,0.1,,0,-1.31,,1,,-1.4,0.75,1.5,-1.56,0.93,1,0.1,0.8,1.1,1,0.81,-1.7,2.05,-1.77,-0.1,1.5,0.5,8,1,-5,,3.5,-0.5,0.01,,-2.3,2.75,,,,4.4,0.02,,1,1,-3.57,-1.6,-1.2,-2,2.3465981111,23,10,1
Dallas,N.Y. Giants,3.5,1.55,5.34,1,-4.6,-0.06,,3,-6,-2.08,1,2.5,-1.45,-2.76,-1.7,-0.9,-0.43,,-3.56,,-2.56,-2.51,-3,2.5,,0.52,1.55,1.55,,3,-5.81,,-3,,3.1,-3.18,1.1,2.43,-0.89,3.5,0.52,-0.3,3,1,1.71,-1.3,-0.97,-1.9,-2.69,-2,1.5,3,-3,1,,2.45,4,2,,-6.8,3,,,,-9.2,1.72,,-3,-1,-2.93,1.1,2.6,1.9,3.0530446886,31,36,1
Denver,Baltimore,7,4.41,13.05,1,5.83,5.79,,7,4,7.32,11,2.5,11.15,10.74,6.77,0.08,5.97,,7.52,,10.22,5.99,3,7,,5.6,4.41,4.41,,8.5,7.52,,3,,3.8,4.99,3.5,10.37,5.25,7.5,5.6,8.2,5.6,2,8.76,-1.2,6.38,4.47,2.5,5.5,6.5,18,10,3,,2.4,3,5,,8.6,6,,,,11.8,8.23,,9,6,8.31,4.9,6.4,4.9,3.5220252211,27,49,1
Detroit,Minnesota,4,3.78,2.61,3,0.85,0.02,,4,-1,5.92,-1,2.5,-11.89,3.24,-0.36,-6.87,0.63,,1.36,,2.78,1.58,-4,3.5,,0.86,3.78,3.78,,3,-3.94,,-2,,1.6,2.13,-0.7,3.17,-2.8,5.5,1.36,-0.5,-3.8,6,0.39,-10.3,2.11,-1.9,1.05,-3,3,3,-2,2,,8.65,-2,3,,-6,3,,,,-8.5,0.95,,-2,-4,-9.39,1.4,1.5,2.7,4.1705560287,24,34,1
Indianapolis,Oakland,10.5,9.05,6.96,6,5.16,8.81,,9,7,15.52,7,2.5,11.3,12.04,7.5,8.17,6.27,,8.43,,12,7.14,9,10.5,,6.28,9.05,9.05,,6.5,7.74,,6,,9.8,6.18,7,7.64,12.06,9.5,8.43,6.5,9.6,4,10.42,5.8,5.93,6.35,5.23,8,10,21,10,9,,4.5,12.5,9,,7.7,8,,,,13.5,6.98,,10,14,17.39,13.7,14.2,14.3,3.6065086885,17,21,1
Jacksonville,Kansas City,-3,-1.83,-2.6,1,0.3,-0.02,,-1,2,-7.58,4,2.5,8.36,-5.56,4.41,3.26,4.73,,-4.48,,-7.59,1.08,4,-2.5,,1.73,-1.83,-1.83,,-2.5,2.56,,3,,-4.1,-4.79,3.6,-2.45,-2.53,-4,0.26,-1.2,2.6,-1,0.62,5.4,-0.31,0.57,2.53,5,-2.5,5,3,-2,,-13.15,1.5,-1,,2.5,0.01,,,,7,0.26,,2,2,4.42,-1.7,-5.2,-1.7,3.4078406674,28,2,1
N.Y. Jets,Tampa Bay,-4,-1.29,-0.83,4,-1.32,-1.43,,0.01,8,-7.38,3,2.5,-6.06,-1.46,-1.47,-3.52,0.11,,0.37,,-6.11,-7.44,0.01,-3.5,,-1.72,-1.29,-1.29,,-2.5,-4.56,,-3,,0.4,0.15,-4.7,5.36,-1.06,-3,-1.29,-5.1,-1.6,5,-2.05,-4.2,-0.61,2.24,0.95,-4,0.01,-1,-4,-6,,4.7,-3,0.01,,-5.6,0.01,,,,-9.4,0.07,,-4,-1,-4.84,-0.2,-3,-0.6,3.3311499676,17,18,1
New Orleans,Atlanta,3.5,2.73,-1.25,3,3.41,0.8,,2,6,-1.08,-4,2.5,0.66,1.44,-1.41,-0.64,-0.47,,3.1,,5,4.02,3,3,,0.95,2.73,2.73,,3,-5.12,,-1,,-0.1,2.57,-0.2,5.3,2.03,3,0.88,-1.6,-0.4,5,2.12,0.4,1.45,0.88,0.39,1,1,-3,-1,-4,,6.95,0.01,3,,-7,2.5,,,,-9.5,0.59,,-1,1,-8.47,0.1,-2.6,0.5,3.2030155339,17,23,1
Pittsburgh,Tennessee,6,7.76,9.36,4,11.24,8.02,,11,7,12.22,7,2.5,12.52,8.34,9.81,5.88,7.82,,2.68,,0.44,0.96,13,6,,6.74,7.76,7.76,,6.5,11.19,,8,,2.7,7.03,8.9,6.04,-0.65,7,7.82,16.5,10.2,6,10.66,9.2,5.93,8.99,11.69,12.5,9.5,18,11,5,,-0.75,4,7,,10.1,6,,,,17.4,8.75,,10,7,14.08,6.2,7,5.4,3.459509193,16,9,1
San Diego,Houston,-3.5,-3.22,-6.33,-4,-3.33,-2.98,,-3,3,-9.28,1,2.5,-5.53,-9.36,-0.07,-1.37,0.8,,-4.19,,-7.81,-9.18,-2,-3.5,,-1.17,-3.22,-3.22,,-2.5,-3.33,,-3,,-1.5,-2.61,0.4,0.51,-5.28,-3.5,-3,-5.8,0.01,-4,-3.24,0.1,0.37,-0.71,-0.54,-0.5,-5,-1,-3,-2,,-4.95,-2.5,1,,-5.3,0.01,,,,-7.7,-0.52,,-3,-5,-8.39,-5.1,-4.4,-5.2,2.9133960284,31,28,1
San Francisco,Green Bay,5.5,3.46,6.22,6,6.82,4.96,,4,0.01,4.22,-3,2.5,8.14,4.74,4.56,3.88,4.06,,7.21,,5.62,4.75,4,5.5,,4.76,3.46,3.46,,5.5,3.33,,4,,4.6,9.1,7.7,3.78,0.98,4.5,4.6,2.8,5.8,8,6.18,6.9,4.22,3.27,3.04,5,4.5,15,5,1,,7.55,4.5,4,,1.7,3,,,,11.7,2.81,,5,6,6.04,5.3,6,5.9,2.7828937628,28,34,1
St. Louis,Arizona,3.5,3.47,8.66,1,6.45,5.41,,7,11,8.52,-6,2.5,1.91,6.84,6.13,7.97,4.85,,4.72,,10.41,-0.17,9,3.5,,5.32,3.47,3.47,,5.5,4.42,,5,,7.6,4.59,3.1,7.12,4.37,4.5,5.32,5,7.5,2,6.25,13.3,4.76,0.57,3.67,7,5.5,9,6,-1,,-1.6,7.5,6,,3.6,5,,,,9.2,4.69,,6,10,10.59,6.2,4.9,5.8,3.2870881885,24,27,1
Washington,Philadelphia,3.5,3.73,9.8,8,7.72,9.01,,7,18,9.12,4,2.5,1.06,6.54,11.46,12.86,9.54,,15.59,,10.57,14.85,15,4.5,,7.64,3.73,3.73,,4.5,13.37,,8,,8.6,15.27,10.6,8.07,11.98,3,8,12.2,10.2,5,6.44,21.2,7.85,3.98,9.11,14,8,16,12,7,,13.3,10,4,,13.3,4.25,,,,22.3,7.77,,12,14,21.22,7.6,6.5,7.3,4.9378470342,33,27,1
Arizona,Detroit,-2,-3.32,0.12,1,2,-1.42,,0.01,-2,-2.55,1,-1.75,0.83,-7.37,-8.45,-0.56,-3.59,,-2.99,,-4.78,1.01,-2,-2,,0.06,-3.18,-3.47,,0,-12,,1,,-2.7,0.03,-3.2,-6.53,-1.07,-1.5,-0.9,-6,0.9,-3,0.41,2.3,1.86,0.31,-5.06,2,-2,2,2,-2,,3.05,0.75,2,,-13,2.17,,,,8.2,0.7,,1,-1,2.08,-0.9,-1.1,-1.6,3.7621362952,21,25,2
Atlanta,St. Louis,4,10.43,5.82,5,12.71,5.73,,9,4,8.2,8,-1.75,10.08,0.75,-7.44,4.62,-1.76,,6.79,,2.22,3.65,9,4,,7.69,10.47,10.38,,6,-8,,6,,4.3,4.56,4.7,8.3,3.09,6,5.97,6.1,6.4,5,5.44,5,5.29,9.82,8.2,8.5,9.5,4,4,2,,0.35,7.5,5,,4,4.31,,,,5.9,5.97,,4,5,-1.5,7.7,8.1,7.7,4.1870634048,24,31,2
Baltimore,Cleveland,5.5,9.27,10.14,8,14.65,9.56,,12,13,11.05,11,2.5,15.06,19.29,6.01,15.83,6.87,,2.4,,3.22,10.86,15,6,,7.01,9.33,9.21,,6,-8,,13,,7.5,9.21,10,6.25,3.71,6,9.21,6.9,14.4,7,8.43,20.4,6.97,11.51,9.84,12.5,10,22,9,9,,7.05,2.75,6,,1,6.23,,,,16.7,5.88,,9,14,7.62,12.4,10.4,12.2,5.1119443593,6,14,2
Buffalo,Carolina,-3.5,2.33,-3.04,-1,0.88,-0.98,,0.01,1,0,-1,2.9,-6.17,-3.95,12.76,-2.97,5.49,,-5.4,,-3.78,-6.73,-3,-3.5,,-3.15,2.27,2.38,,-2.5,4,,-3,,-0.8,-4.27,-3.4,-1.94,0.11,-3,-1,-2.9,-0.1,-3,1.22,-6.1,1.2,1.39,1.07,-1,-1,10,-2,-1,,-4.8,-2.25,1,,3.3,0.13,,,,-14.8,0.98,,-2,1,-12.57,0.8,-0.2,1.8,4.4337187816,23,24,2
Chicago,Minnesota,6,5.49,5.65,6,7.55,6.93,,8,3,12.5,-1,6.75,4.39,16.48,14.84,5.09,9.23,,5.32,,6.22,2.5,6,6,,7.22,5.51,5.48,,5.5,14,,6,,6.9,6.52,6.4,1.87,2.01,6,6.2,6.2,8.6,5,8,3.6,5.49,6.2,10.81,7,7.5,7,3,2,,10.55,8.5,5,,13,5.43,,,,6.7,4.08,,3,10,5.27,5.4,8.2,7.2,3.3030836589,30,31,2
Cincinnati,Pittsburgh,6,2.15,-0.83,6,5.63,6.83,,6,6,11.93,22,2.5,9.29,3.96,12.28,10.31,4.87,,12.09,,8.22,10.36,8,6,,6.78,2.09,2.2,,6,5,,7,,8,8.86,6.6,8.78,8.55,6.5,6.2,3.7,12.9,6,7.55,8.3,4.66,6.59,7.68,4,6,8,6,1,,14.6,4.5,4,,4,4.84,,,,16.9,4.14,,6,8,21.49,5.9,6.9,6.2,4.4429976732,10,20,2
Green Bay,Washington,7,8.89,3.84,3,10.13,6.88,,9,4,15.99,20,2.5,5.1,13.35,3.16,12.35,2.86,,2.19,,6.22,7.14,11,7,,7.2,8.86,8.91,,6.5,1,,7,,6.5,2.84,6.6,4.65,7.27,7,6.67,6.9,11.7,1,7.26,11.9,5.35,8.57,7.29,8,10,8,6,1,,4.75,5.25,6,,0.01,6.67,,,,15.8,4.2,,6,11,-0.53,11,11.1,11.6,4.3834344027,20,38,2
Houston,Tennessee,7,9.87,12.73,8,10.5,7.61,,11,10,0.52,3,2.5,6.35,-2,-7.08,3.4,1.5,,9.78,,12.22,4.08,12,7,,9.57,10.07,9.67,,8.5,-3,,6,,4.7,11.95,1.9,9.48,9,9.5,8.3,12.1,7.9,9,7.08,5.4,7.4,7.48,6.53,13,11,21,9,3,,8.45,7.5,8,,6,7.65,,,,17.4,8.45,,9,11,13.79,8.8,9.7,8.3,4.9636304874,24,30,2
Indianapolis,Miami,1.5,2.46,3.78,1,-2.59,0.17,,3,0.01,-4.85,7,2.5,-0.89,-2.41,-7.71,-3.87,-2.31,,0.1,,2.22,0.01,0.01,1.5,,2.99,2.6,2.33,,0,-8,,-3,,-0.8,-1.88,-2.7,1.95,5,2.5,0.2,0.2,-1.1,-1,2.33,-0.8,3.28,0.07,-3.99,-2,2.5,4,3,-1,,-4.55,4,4,,-3,3.72,,,,-4.7,1.38,,1,5,0.31,3.6,0.8,2.2,3.2464269229,24,20,2
Kansas City,Dallas,3,-7.11,-2.9,-3,-8.6,-0.87,,0.01,-8,3.12,-3,2.5,5.11,-9.18,19.73,-2.21,24.44,,-3.19,,-0.78,-3.59,-8,2,,-2.36,-6.72,-7.5,,2.5,22,,-5,,4.7,-4.51,2.2,0.42,-3.53,3,-0.8,-4,-0.8,0.01,4.24,-4.3,0.76,-2.02,-4.35,-8,0.5,1,-5,-5,,4.1,0.5,2,,1,1.45,,,,-6.5,0.93,,-4,-9,-11.76,-0.8,1.5,-0.2,7.2659350801,16,17,2
N.Y. Giants,Denver,-3.5,1.74,-2.17,1,0.1,-4.73,,-3,5,-13.63,-13,-1.75,-1.4,-14.76,-13.82,-10.13,-10.05,,-0.63,,-5.89,-1.41,-2,-3.5,,-1.86,1.87,1.59,,-6,-26,,-4,,-4.7,-2.38,-7,-6.76,-4.64,-4.5,-3,-5.9,-10.7,-1,-2.92,-10.4,0.87,-6.16,-8.97,-2,-3,-2,-2,-8,,-6.85,-2.75,0.01,,-7,-2.91,,,,-3.5,-0.06,,-2,-7,-17.24,-4.7,-6.2,-6.6,5.7763302174,41,23,2
New England,N.Y. Jets,11,15.87,11.38,9,12.89,12.67,,13,20,12.42,20,3.3,18.73,20.45,3.86,11.84,4.38,,13.43,,10.55,11.37,19,11,,14.02,16.06,15.67,,10,2,,10,,6.5,15.41,13.4,8.81,10.82,11,12.89,12.7,13.2,7,12.43,19.3,11.38,13.72,11.78,19.5,14,18,15,6,,9.25,12.75,10,,1,13,,,,28,10.67,,15,14,30.23,14.4,11,14.7,5.8475690492,10,13,2
Oakland,Jacksonville,3.5,7.99,5.23,5,5.12,8.73,,6,9,15.95,11,2.5,10.84,1.85,18.22,15.97,18.48,,7.77,,4.22,3.62,10,4.5,,6.08,8.15,7.83,,3.5,23,,10,,7.5,8.16,9.6,7.7,4.03,5.5,7.7,11.2,15.5,7,7.66,17.7,5.6,9.18,14,5.5,3.5,11,6,1,,19.25,5.5,4,,10,6.82,,,,16.6,5.77,,5,11,19.24,4.8,5.2,4.7,5.0588104452,9,19,2
Philadelphia,San Diego,7.5,1.91,-3.85,3,-3.06,2.65,,4,-8,4.24,-7,6.75,-3.27,14.24,10.66,4.81,7.58,,-0.75,,-1.78,-10.28,0.01,6.5,,1.51,1.98,1.84,,7,10,,1,,6.2,-3.56,6.1,0.33,-0.51,7,2,1.6,8,5,3.73,0.1,2.11,4.47,4.35,-4,4.5,7,-4,2,,4.9,10.25,4,,9,4.92,,,,9.9,2.06,,-4,2,-2.14,1.9,2,1.1,4.7120002933,33,30,2
Seattle,San Francisco,3,-0.72,5.88,2,9.87,3.24,,3,17,-0.85,-3,2.5,-1.64,0.05,10.19,5,5.14,,4.89,,-3.78,15.89,6,3,,2.11,-0.57,-0.88,,3,0,,3,,4.6,4.93,5.3,7.29,2.1,3,3,-0.6,5.7,3,6.34,6.1,3.31,2.63,-0.72,5,3,3,9,3,,13,2.5,2,,-1,3.06,,,,22.2,2.77,,8,4,10.41,-0.4,0.3,-0.7,4.6523732791,3,29,2
Tampa Bay,New Orleans,-3,-2.3,4.92,-3,-3.46,-3,,-2,-8,-11.78,-7,-0.55,-5.4,-21.11,-5.9,-3.43,-0.44,,-0.69,,0.66,-1.35,-6,-3,,-0.46,-2.1,-2.5,,-3,-6,,-3,,-1.7,-2.02,-4.8,-3.68,-4.12,-3,-2.3,-3.4,-2,-3,-0.47,-6.7,-0.63,-2.08,-7.3,0.5,-4,-5,-2,-3,,0.75,-0.25,0.01,,-7,3.24,,,,-9.8,3.86,,-2,-4,-10.5,-1.2,-4.2,-1.4,4.2443944207,16,14,2
Baltimore,Houston,-1,-0.31,1.61,1,5.86,-0.27,,1,5,-3.87,-1,-5.75,-4.13,-5.2,-7.22,-1.88,-3.3,,2.63,,2.26,-1.49,7,-1,,2.66,-0.2,-0.45,,-2.5,-10.5,,3,,-1,2.62,5.8,5.6,-4.53,-2.5,-0.25,-6.5,1,0.01,-0.58,7.8,2.17,-0.37,0.74,6.5,-1,3,4,-3,-5,-3.7,-5,1,,-10.6,1.07,,,,6.6,-1.75,,4,1,-3.81,0.4,-0.5,-0.3,4.2949211028,9,30,3
Carolina,N.Y. Giants,-1.5,-3.13,1.8,2,-5.67,2.17,,-1,-1,0.77,-8,3.37,-0.83,-0.19,6.59,5.84,4.84,,4.18,,8.47,3.7,2,-1.5,,-0.54,-3.14,-3.15,,2.5,9.5,,3,,3.3,3.07,2.3,-3.89,2.49,1,1.6,-2.3,9,1,2.76,8,-0.24,-0.73,3.92,-1.5,-1,6,2,-2,9,11.2,-1,2,,7.9,1.2,,,,24.1,3.6,,1,3,19.08,0.5,-0.6,1.4,5.5444255038,0,38,3
Cincinnati,Green Bay,-2.5,-1.39,-0.07,1,-0.89,-0.09,,0.01,-2,-1.46,-5,2.5,-4.85,-4.07,2.7,-1.97,2.84,,2.98,,3,2.32,-2,-2.5,,-0.84,-1.45,-1.36,,1,-1.5,,-1,,-0.01,2.44,-1.5,4.89,-7.75,-2.5,-0.95,-2.2,2,2,-1.04,-3.1,0.01,-3.07,-2.18,-1.5,-1.5,2,2,-2,10,0.75,0.75,2,,-2.3,2.49,,,,-12,4.15,,2,2,-4.07,-1.7,-1.3,-1.3,3.1956508232,30,34,3
Dallas,St. Louis,3,9.05,4.07,4,7.61,3.95,,7,4,9.43,11,5.04,0.86,9.28,6.61,3.76,4.99,,3.63,,-2.81,-10.06,5,3,,3.01,8.93,9.15,,3,5,,3,,4.6,0.34,-1.6,5.24,0.73,3.5,4.04,6.5,1.1,3,1.51,1.3,2.6,3.79,5.64,3.5,8,-1,-3,1,7,5.7,1.5,4,,3.7,5.74,,,,-15.9,6.1,,-2,2,-9.21,4.8,5.8,5.4,4.552968793,7,31,3
Denver,Oakland,14,14.84,17.11,13,19.16,17.39,,18,16,23.37,10,6.75,11.98,25.51,10.49,24.24,7.05,,22.09,,17.26,7,25,14,,15.66,14.75,14.92,,14.5,18,,18,,14.2,19.09,23.3,17.13,7,15.5,17.12,22.3,18.7,12,15.24,27.1,11.55,20.09,25.49,22,18,34,18,16,17,23.5,14,13,,15.7,15.01,,,,19,11,,18,13,14.71,21.3,23.2,21.9,5.3874014109,21,37,3
Miami,Atlanta,3,-0.89,-2.61,2,-3.01,1.57,,0.01,4,1.18,-8,6.75,3.84,2.71,11.99,5.72,7.77,,-1.79,,-3.25,-0.31,-2,3,,-0.99,-0.87,-0.94,,1,9,,3,,5.2,-0.84,2.7,0.39,-0.06,3,0.7,3.9,5.1,2,-1.28,0.4,-0.99,-0.28,-0.35,-2,0.01,1,-2,-1,0.01,10.3,1.75,1,,7.4,1.4,,,,-6.3,4.17,,-3,3,3.33,-0.3,-0.9,1.6,3.6931025409,23,27,3
Minnesota,Cleveland,6.5,6.26,7.7,5,7.9,7.31,,7,7,6.64,5,3.29,9.15,10.03,13.31,9.69,10.39,,9.02,,7.93,12.3,8,6.5,,5.99,6.34,6.13,,3,6,,10,,5.9,6.65,5.4,4.26,5.93,6,6.68,6.3,9.8,3,6.84,10.4,4.42,4.39,7.92,8.5,5.5,16,9,5,7,5.9,1,5,,4.6,5.25,,,,26.1,6.91,,9,6,26.21,7.7,6.3,6.7,4.6163400815,31,27,3
N.Y. Jets,Buffalo,2.5,2.04,5.72,4,4.27,2.47,,3,-3,-2.42,-3,3.77,3.78,-1.31,1.91,1.83,2.91,,6.28,,3.26,-2.14,1,2.5,,3.25,1.94,2.1,,2,0.5,,3,,2.4,2.3,1.9,9.67,3.05,2.5,2.86,3.8,2.8,5,3.04,-2.8,1.97,2.55,2.24,2,3,-8,1,-1,4,0.9,0.5,3,,-0.5,5.46,,,,-8,4.62,,1,4,-7.64,4,2.3,3.9,3.4070389697,20,27,3
New England,Tampa Bay,7,10.61,7.26,11,9.98,8.7,,9,25,7.52,11,5.35,5.56,17.12,8.58,4.55,4.99,,11.74,,4.01,16.57,14,7,,9.39,10.59,10.61,,7,5,,7,,7,12.75,8.8,9.37,12.49,7,9,4.1,11.1,8,7.96,9.4,9.27,6.82,8.99,13,11.5,6,9,5,4,9.1,6.75,8,,3.7,9.05,,,,8.3,9.76,,9,11,12.28,10.7,6.2,10.6,3.6497521815,3,23,3
New Orleans,Arizona,7,10.6,10.55,6,13.68,8.46,,10,15,11.53,19,5.37,12.09,17.43,7.72,5.03,4.62,,8.76,,5.88,4.15,15,7,,6.66,10.42,10.75,,7.5,4.5,,7,,7.8,6.4,8.4,15.24,6.78,7,8.45,9.4,7.9,6,7.2,8.7,6.5,9.42,9.3,10,9.5,15,10,3,5,2.5,4.5,7,,3.2,6.31,,,,7.9,8.6,,10,7,7.59,9.8,8.5,10.1,3.5731441594,7,31,3
Philadelphia,Kansas City,3,6.31,6.15,3,4.11,0.88,,2,7,-5.26,12,-1.73,-0.27,-0.98,-11.07,0.14,-4.74,,1.33,,-2.72,-2.52,5,3,,3.99,6.43,6.16,,3,-11,,3,,-2.2,0.21,5.7,4.02,-0.88,3,1.31,-0.3,2.4,5,0.99,1.3,3.77,4.55,2.76,6,2,11,3,-1,-7,1.6,0.25,3,,-11.1,1.37,,,,1.8,0.51,,1,3,-5.44,1.1,-2.1,0.4,4.9360185369,26,16,3
Pittsburgh,Chicago,-2,1.49,-1.58,-4,-2.82,-3.16,,1,4,-9.56,6,-2.42,-3.95,-21.36,-11.11,-3.72,-3.63,,-2.58,,-4.13,-0.93,-2,-2,,-2.36,1.41,1.53,,-2,-9.5,,-4,,-3.7,-5.96,-1.8,5.13,-8.57,-2.5,-2.7,-2.9,-4.3,0.01,-2.88,-0.7,0.42,-1.54,-5.07,-3,-1.5,-6,-5,-2,-3,-4.55,0.01,3,,-9.7,0.56,,,,-12.5,1.72,,-5,-7,-17.22,-0.3,-2.2,-0.5,5.1548832852,40,23,3
San Francisco,Indianapolis,10,8.91,10.5,10,15.34,8.46,,9,11,13.04,6,1.56,7.66,14.56,-6.19,10.52,-1.31,,9.22,,5.59,14.07,13,10,,11.89,9.12,8.72,,10.5,-9,,10,,5.5,15.37,8.7,4.73,5.68,10,9.19,8.2,10.6,11,7.53,12.7,9.97,9.15,10.55,16.5,12,18,10,6,-2,10.85,11,7,,-9.3,6.65,,,,25.8,4.28,,11,7,9.14,11.1,11.5,10.8,6.2798125094,27,7,3
Seattle,Jacksonville,18,19.07,17.68,16,31.72,23.97,,20,35,31.2,31,11,15.93,36.24,38.23,34.27,19.57,,34.07,,36.38,7,33,18.5,,19.4,18.96,19.16,,16.5,34.5,,28,,18.7,30.07,29.3,25.39,7,18,21.85,26.2,21.3,21,19.73,39.8,15.81,21.69,34.44,26.5,20,33,23,16,19,42.45,14.75,14,,23.9,17.39,,,,26.7,12.94,,23,22,27.29,23.5,24.4,24.1,7.283686751,17,45,3
Tennessee,San Diego,2.5,1.06,-5.59,2,-2.51,1.76,,1,-4,3.24,-7,3.84,4.96,3.05,3.59,4.01,3.97,,6.89,,5.38,-0.41,-1,2.5,,-0.52,0.92,1.17,,3,1.5,,1,,3.7,-0.43,-1,3.66,5.96,3,2,2.7,5.1,0.01,2.33,5.6,1.23,-1.08,-0.69,-3,2,1,-1,3,-5,3.8,0.01,2,,0.5,4.33,,,,7.3,1.1,,-2,3,1.25,4.3,2.2,4.4,2.9740859655,17,20,3
Washington,Detroit,-1.5,0.79,3.97,3,3.42,0.47,,4,15,-2.57,-3,-2.97,-0.67,-4.03,-8.51,-7,-4.69,,9.4,,6.92,13.88,4,-1.5,,3.74,0.65,0.91,,2.5,-14,,-2,,2.6,4.34,0.8,9.66,9.59,2,0.78,-3.2,-3.9,1,5.09,3.1,4.1,-0.77,0.77,7,1.5,11,4,-1,-5,-2.05,0.5,4,,-13.8,0.26,,,,3.7,2.58,,4,2,-3.25,-0.2,-3.9,-1.5,5.3176823103,27,20,3
Atlanta,New England,3,-2.06,-1.86,-5,-5.79,-0.87,,1,-4,0.8,-3,-2.32,3.86,-4.91,-5.75,2.53,-2.56,,7.83,,8.14,7.29,1,2,,1.99,-1.62,-2.29,,1.5,-8.33,-11.9,-3,,-0.2,-5.35,-1.7,6.28,-3.75,2.5,-1.04,-0.7,0.8,-2,1.76,1.9,0.91,-0.98,-5.79,-3.5,0.01,-1,-6,1,4,-2.65,0.5,0.8,11,-8.7,-1.75,,,,-0.7,1.11,,-6,-6,-11.19,-1.1,4.3,-2.2,4.1718954079,30,23,4
Buffalo,Baltimore,-3.5,-3.32,-0.54,-4,-0.59,-2.29,,-5,10,1.09,3,2.18,0.39,-2.59,-0.68,-5.13,0.47,,-1.73,,-1.47,16.57,-8,-3.5,,-6.93,-3.71,-2.67,,-3.5,-4,12.8,-3,,-4.1,-8.58,-2.8,-4.84,-0.83,-2.5,-2.74,-5.2,1.6,-4,-2.57,-8,-0.79,-2.03,-0.38,-7,-4.5,-4,2,-3,-1,0.3,-4,-2.6,5.3,-4.6,-3.41,,,,0.3,3.71,,1,-6,3.12,-5.7,-7,-5.5,4.2274626794,20,23,4
Cleveland,Cincinnati,-3.5,-1.97,-4.41,-3,-6.57,-3.23,,-5,-9,-8.87,-8,-0.29,-8.48,-7.27,-4.6,0.57,-1.83,,3.64,,3.37,2.83,-4,-3.5,,-0.22,-1.59,-2.12,,-6,-8.33,7,-4,,-4,-5.16,-2.1,0.41,3.48,-4,-4,-4.1,-5.6,-3,-2.15,-4.4,0.01,-3.68,-4.49,-1.5,-4,-9,-7,-9,-1,-4.7,-4,-0.9,-3,-8.7,-2.12,,,,16.5,-0.14,,-6,-4,-0.68,-5.2,-5.3,-5.1,4.2357124363,6,17,4
Denver,Philadelphia,10,12.22,13.72,15,16.37,15.82,,15,21,18.52,5,9.38,8.3,15.01,12.8,23.95,12.27,,14.1,,14.09,3.24,23,11,,12.32,12.3,12.47,,11,22,33.9,21,,11.2,20.7,15.2,14.85,6.09,10.5,15,22.4,17.1,10,12.85,27.1,9.07,17.7,21.2,22,13,21,21,7,17,18.4,14.5,9.3,-0.9,19.5,13.1,,,,23.6,12.11,,21,23,19.63,19.6,19.1,20.4,6.1254445409,20,52,4
Detroit,Chicago,3,1.35,-1.13,-2,-1.66,-0.13,,0.01,-1,-1.6,11,1.5,5.62,-4.37,1.79,1.21,2.32,,3.48,,3.12,1.24,-4,3,,2.96,1.59,1.38,,3,-1.67,2.3,-3,,-0.9,-3.13,4.9,2.92,-15.56,3,0.65,2.5,1.3,3,4.51,-2.1,1.62,-2.13,-2.88,-5.5,0.01,-3,-3,-3,-5,2.5,3.5,1,-14.5,-2.4,2.11,,,,11.8,4.11,,-4,-7,-2.43,-1,0.3,-1.3,4.1962132883,32,40,4
Houston,Seattle,-1.5,1.2,4.86,-4,-0.34,-5.87,,-3,-5,-12.66,7,-1.75,2.42,-7.94,-11.71,-10.94,-10.09,,-11.23,,-11.38,-7,-11,-2,,-2.88,1.64,1.11,,-3,-22.67,-18.1,-6,,-6.6,-9.76,-10.8,-6.19,2.1,-2,-4.8,-7.9,-6.2,-4,-3.8,-16.4,-1.21,-2.87,-15.4,-6.5,-1,-20,-5,-2,-7,-12.75,-2.5,-1,-0.2,-21.9,-2.88,,,,-14.8,-0.8,,-5,-3,-12.7,-3.9,-5.2,-4.6,6.6015574989,23,20,4
Jacksonville,Indianapolis,-7.5,-9.86,-16.15,-8,-15.28,-11.84,,-9,-13,-23.64,-10,-6.94,-16.74,-24.5,-14.7,-19,-10.65,,-12.72,,-12.59,-7,-14,-8.5,,-5.03,-10,-9.53,,-7.5,-27,-11.5,-14,,-9.4,-11.28,-10.2,-9.63,-2.1,-7.5,-11.39,-18.6,-11.1,-7,-7.9,-16.3,-2.53,-14.35,-16.27,-4.5,-7,-15,-11,-12,-11,-16.3,-11,-5.3,-0.2,-21.4,-8.23,,,,-10.5,-5.25,,-10,-14,-13.32,-12.2,-12.2,-12.8,5.3361150074,37,3,4
Kansas City,N.Y. Giants,3,-0.83,18.91,6,-3.76,8.02,,6,-13,24.21,-13,14,-4.05,21.97,22.74,11.43,18.4,,19.63,,19.58,-7,-3,3.5,,2.37,-1.95,0.52,,4.5,33.67,9.9,4,,11.8,-4.62,3.6,14.43,7,4,6.54,18.9,4.9,1,6.59,6.1,-1.71,0.06,11.49,-8,8,4,3,7,15,16.05,7.5,5.8,1.4,30.2,5.31,,,,16.5,8.76,,3,5,15.05,6.5,11.2,8.9,9.7958056971,7,31,4
Minnesota,Pittsburgh,-3,-0.44,2.12,2,2.06,2.48,,-1,0.01,3.63,-4,2.05,-3.86,1.7,5.67,7.16,4.42,,7.91,,7.97,18.52,3,-1.5,,5.99,-0.25,-0.63,,0,6.33,8.8,3,,2,2.03,2.4,5.52,0.37,-3,2.06,2.9,8.1,-2,0.31,4.8,0.09,1.47,3.45,0.5,-0.5,9,3,-1,5,4.65,2,2.5,0.02,5.8,1.65,,,,22.6,4.33,,3,-1,4.65,1.5,1,1.2,4.072216085,27,34,4
New Orleans,Miami,7,6.69,4.48,4,6.93,5.13,,6,2,9.28,15,3.14,9.72,8.11,6.35,1.12,6,,6.61,,7.07,-9.04,9,7,,5.41,6.55,7.1,,5.5,4.67,5,3,,1.8,5.48,6,5.95,7,6.5,5.5,5.5,3,5,7.74,7,6.44,2.17,4.65,7,5.5,4,6,1,-1,2.4,5.5,5,-5.8,3.4,6.05,,,,0.7,4.56,,5,3,2.14,7,7.5,6.4,3.0843475555,17,38,4
Oakland,Washington,-3.5,0.49,5.12,1,-3.3,3.04,,0.01,-4,7.08,3,5.25,-5.4,4.97,6.28,10.33,6.04,,7.4,,7.01,-7,-3,-2.5,,-4.18,0.46,0.8,,-2.5,8,26.4,6,,1.9,-6.62,3.6,6.48,5.76,-3,2.64,12.5,3.4,-2,1.29,4.4,-1.83,-1.64,2.67,-5.5,0.5,7,-2,-4,13,4.2,4,-0.9,2.7,6.5,0.85,,,,17.1,3.75,,-2,7,18.13,1.7,1.9,2.6,6.2891360297,24,14,4
San Diego,Dallas,-1.5,-0.86,-2.31,-2,-2.87,-1.13,,-1,3,-4.83,3,-2.44,2.9,-1.1,-4.02,-2.57,-2.51,,7.34,,7.4,-13.04,-3,-1.5,,-4.93,-0.45,-1.01,,-2.5,-9.33,-14.6,0.01,,-1,0.9,-0.3,9.64,3.65,-2,-1,-2,5.8,-1,-3.87,-4,2.42,-0.74,-5.58,1,-2.5,1,-4,-5,-2,-0.25,1.5,0.1,1.6,-9.5,-1.33,,,,-8.6,4.57,,-4,2,-10.58,-0.6,-1.9,0.2,4.1623283925,21,30,4
St. Louis,San Francisco,-3,-4.28,5.08,-3,-3.05,-1.54,,-2,-1,1.7,-1,2.5,-12.35,-0.2,5.87,3.65,5.41,,2.76,,3.07,-3.67,-3,-3,,-4.59,-4.68,-3.75,,-3,5,3.5,-3,,-1.3,-7.66,0.7,0.22,-1,-3,-1.15,-0.8,-0.5,-5,-0.44,-0.2,-2.55,-0.97,-2.84,-6.5,-4.5,-3,-4,-1,-5,-0.05,1.5,-0.8,-6.8,3.7,-0.62,,,,11.7,2.42,,-4,-4,2.1,-3.5,-1.7,-4.3,4.0684777613,35,11,4
Tampa Bay,Arizona,2.5,7,3.04,0.25,5.55,4.85,,4,-3,2.67,7,2.24,-0.83,0.83,0.8,1.63,1.27,,9.82,,9.79,7,7,2.5,,2.33,6.71,7.68,,3,1,19,6,,2.6,4.37,4.5,11.31,8.31,2.5,3.85,4.8,2,1,1.93,2.6,2.87,1.33,8.47,8,3,5,9,1,11,2.25,10,3.7,12.9,0.01,2.71,,,,9.4,4.67,,10,5,5.7,7.5,3.6,7.5,3.9934708576,13,10,4
Tennessee,N.Y. Jets,3,4.44,0.9,1,-0.49,2.27,,4,6,8.33,2,3.3,6.06,9.37,2.56,2.52,2.67,,8.38,,8.85,3.07,1,3,,5.37,4.54,4.61,,5,0.67,-23.6,1,,5,0.98,0.9,2.15,-2.42,3,3.15,3,6.3,-1,3.77,6.5,4.25,-0.33,-4.9,2,4.5,2,1,1,-5,6.1,5.5,4,-5.2,-0.3,3.38,,,,-5.7,-0.39,,1,3,-11.91,5.2,7.5,5.5,5.2808674198,13,38,4
Arizona,Carolina,-3,-2.98,-2.54,-1,-5.32,-3.54,,0.01,-6,-4.22,3,2,1.01,5.02,-11.22,-4.26,-5.17,,-8.41,,-7.58,-15.02,-11,-3,,0.86,0.45,-6.86,-3.5,-2,-14.67,-5.38,-4,,-2.8,-6.75,-7.4,-10.74,1.99,-1.5,-2.89,-7.9,-1.6,-3,-1.04,-12.9,2.41,-9.19,-13.23,-1,1,-11,-9,1,-8,-12.3,4.5,0.1,-3.9,-14.5,0.8,1.92,,,-12.7,1.58,,-7,1,-2.07,-2.1,0.6,-2,5.1469563836,6,22,5
Atlanta,N.Y. Jets,9,7.68,4.07,3,8.55,6.66,,10,8,8.66,6,3.38,5.03,8.57,5.73,4.88,4.5,,6.94,,7.23,2.78,15,9,,11.78,7.65,7.94,5,7.5,3.5,4.32,7,,5.2,7.81,10.8,-2.13,-3.45,9,7,1.5,7.4,2,10.96,12.6,9.29,11.28,5.75,6,8.5,11,7,3,7,7.1,9.5,8.4,12.7,2.4,5.82,4.3,,,17.1,1.76,,7,5,-1.79,9.7,11.8,8.6,3.8312445067,30,28,5
Chicago,New Orleans,-1,-2.22,-4.56,-2,2.48,-3.24,,0.01,2,-2.43,-14,-3.43,-5.41,0.43,-5.12,-9.32,-3.37,,-1.74,,-1.69,-1.67,1,-1,,0.79,-1.84,-2.45,-9.6,0,-9,-8.88,-3,,-2.5,2.44,-6.1,-2.62,-7,-1,-2.56,-10.7,-4.8,-1,-4.95,-5,2.02,-5.66,-6.96,-3.5,-0.5,-8,1,-2,-7,-4.7,-9.5,0.5,-5.4,-9.2,1.47,1.39,,,-17.7,5.02,,2,-7,-10.33,-0.1,-2.4,-1.4,4.6034070332,26,18,5
Cincinnati,New England,0,-4.94,-6.71,-5,-6.53,-3.31,,-2,0.5,-1.34,-6,-4.18,2.9,-4.13,-4.42,-7.44,-1.55,,0.68,,1.51,-9.98,-3,-0.5,,1.29,-4.76,-4.93,-8.5,0,-7,-8.68,-4,,-1.8,-1.37,-3.9,5.61,-7,1,-3.95,-5,-5.5,0.01,-4.24,-2.8,-1.54,-6.82,-6.17,-2,-1.5,-5,-4,-1,-5,-4.4,-1.5,-0.5,-7,-7.4,0.14,0.65,,,-8.3,2.27,,-4,-11,-12.82,-2.4,-0.3,-2.9,3.4987207905,6,13,5
Cleveland,Buffalo,3,3.07,1.89,2,5.87,3.04,,4,-10,4.59,-4,2.7,7.06,3.68,2.38,1.56,2.53,,6.97,,7.19,7,4,3,,7.25,3.46,2.9,0.4,3,0.75,-1.28,3,,3.3,5.08,2.6,7.24,1.71,3,3.19,1.1,3.7,4,1.9,4.2,2.82,1.47,-0.86,6,5,8,4,-2,-3,0.35,1.5,5.3,-1.8,-0.3,5.25,2.63,,,10.8,2.84,,4,3,-4.01,3.9,5.5,4.1,3.4182714569,24,37,5
Dallas,Denver,-7,-4.88,1.34,-5,-4.05,-6.42,,-5,-12.5,-6.82,9,-1.57,-4.39,-4.82,-3.49,-12.26,-3.24,,-4.81,,-3.74,-5.09,-8,-7,,-3.75,-6.42,-3.4,-11.5,-5.5,-16.25,-10.08,-7,,-3.8,-8.83,-10.4,-12.69,-7,-7,-5,-14.6,-8.9,-5,-3.33,-10.1,-1.6,-9.89,-13.92,-3,-4.5,-14,-11,-6,-9,-9.65,-1.5,-2,0.1,-16,-2.67,-0.21,,,-17.3,2.34,,-11,-13,-10.39,-7.9,-7.3,-8.3,5.2405379381,51,48,5
Green Bay,Detroit,8,4.69,1.71,2,11.54,4.09,,7,16,5.56,7,-0.76,12.03,-0.19,1.19,-0.46,1.64,,-1.48,,-2.14,7,12,7.5,,6.54,4.86,4.74,1.3,6.5,-1.58,1.22,3,,4.4,4.98,5.4,5.62,-3.24,7,4.42,4.3,3.3,3,6.41,8.2,6.45,10.86,2.67,3,7,8,8,2,-3,3.15,12.5,5.8,-3.2,-2.4,4.44,3.8,,,19.7,6.31,,8,3,-5.76,8.3,4.8,7.6,4.76330545,9,22,5
Indianapolis,Seattle,-3,-1.49,8.67,-5,-2.51,-2.58,,-2,-7,-5.1,4,1.3,-9.24,-7.43,2.05,-4.08,2.14,,1.53,,1.91,-8.5,-7,-3,,-0.78,-2.56,0.01,-8,-3,-1,0.02,-4,,-2.1,-12.48,-3.6,2.49,-1.97,-3,-2.5,-0.7,0.1,-6,-3.31,-1.2,-4.28,-8.63,-4.05,-10.5,-2.5,3,-3,-2,-3,-5.45,0.01,-0.3,3.8,-1.9,-2.94,0.96,,,-5.7,-2.85,,-3,-5,-4.43,0.6,0.2,0.9,3.9256083995,28,34,5
Miami,Baltimore,2.5,1.09,4.85,2,-2.25,2.39,,1,6,9.62,-1,7.03,5.12,11.55,2.18,2.35,2.47,,5.59,,5.57,2.63,-5,2.5,,4.8,1.73,0.63,1.8,3,0,2.42,2,,3.1,-2.95,1.1,1.17,9.93,3,2.09,-0.6,5.5,-2,4.26,-3.4,0.48,-3.97,-0.43,0.01,2.5,5,2,3,5,3.5,-2,1.9,8.3,-0.9,2.2,2.61,,,12.8,7.96,,2,5,1.91,-0.3,2.2,1,3.6451330257,26,23,5
N.Y. Giants,Philadelphia,1.5,0.49,0.63,2,2.1,0.67,,5,14,-1.13,7,-2.77,-3.62,-0.24,-2.94,1.16,-3.06,,-0.99,,-0.85,4.77,9,1.5,,5.48,0.93,-0.02,2.5,1,-10.5,-1.28,3,,-0.3,10.8,-0.2,0.53,-7,1.5,0.38,-6.3,0.1,1,1.63,3.4,6.94,0.27,-3.41,0.01,0.01,3,10,-5,-5,-2.45,2.5,2.4,-0.05,-10.7,2.32,3.94,,,9.9,5.42,,10,5,-6.08,4.5,2.3,3.2,4.8651749342,36,21,5
Oakland,San Diego,-4.5,-5.45,-4.1,-3,-6.13,-4.41,,-4,-1,-7.45,-4,-1.7,-6.84,-9.59,-2.46,-10.11,-0.27,,-5.92,,-6.12,0.6,-4,-4.5,,1.26,-6.15,-4.68,1.1,-5,-5.5,-3.38,-4,,-4.7,-2.13,-4,-4.8,-12.82,-4.5,-4.69,-5.6,-5.9,-2,-5.23,-6.1,-0.37,-7.97,-4.11,-2,-3,-8,-4,-9,-3,-5.2,-5.5,-1.9,-2.2,-6,0.01,0.91,,,-10.3,2.44,,-4,-7,-11.87,-4.7,-7.1,-5.7,3.0892654751,17,27,5
San Francisco,Houston,4.5,2.17,1.04,3,4.57,2.89,,4,-4,2.26,3,0.39,9,7.21,2.47,-1.38,2.46,,-0.12,,-0.53,-1.67,8,4.5,,7.23,2.67,1.91,-5.9,6.5,0.75,-1.18,3,,3.4,8.27,3.4,-1.03,-4.35,5.5,2.95,-1.6,2.9,2,1.99,5.8,6.9,6.46,-0.29,7,5.5,5,6,1,0.01,0.4,5,4.7,-0.8,-0.3,3.13,3.26,,,6.5,-1.35,,5,4,-2.92,5.6,6,5.6,3.2864778814,3,34,5
St. Louis,Jacksonville,11,11.92,3.73,8,7.58,8.83,,10,23,10.91,3,6.75,9.5,15.04,7.98,10.25,11.11,,6.56,,7.09,-15.94,15,11,,12.77,15.75,9.62,9.2,10.5,12.5,4.52,10,,6.2,14.54,10.5,4.06,3.62,11.5,9.56,6.7,6.9,9,10.65,9.9,9.95,15.05,8.44,-2,7.5,14,6,11,1,11.05,6.5,8.8,-10.9,5.2,10.8,6.28,,,17.2,10.25,,7,11,14.08,12,13.5,11.6,5.0892390599,20,34,5
Tennessee,Kansas City,-2.5,2.22,0.97,2,6.34,0.97,,-1,2,1.29,6,-0.76,-5.14,1.88,-2.9,-0.32,-2.86,,3.05,,3.22,5.56,2,-1.5,,1.31,2.75,1.78,5.2,-2.5,-7,1.02,3,,1.6,2.79,-6,4.48,-7,-3,1.54,-0.4,3.8,2,-4.12,5.1,2.89,-1.5,1.95,4.5,-0.5,1,4,-2,5,-0.8,6.5,0.5,-1.7,-7.4,1.47,3.6,,,-4.9,-2.8,,4,6,-0.81,3.5,-0.5,3.5,3.4255765355,26,17,5
Baltimore,Green Bay,-2.5,1.31,6.29,4,5.26,2.08,,0.01,-8,7.77,7,-0.34,3.95,12.92,0.33,5.36,1.17,,3.35,,3.28,5.03,1,-1.5,,1.1,0.64,1.23,4.5,-3.5,-2.85,3,3,4.87,1.6,3.65,2.4,4.39,7.53,-3,2.4,-3.7,4.3,1,-7.95,0.01,1.49,-2.29,-1.13,-0.5,-1.5,-8,3,-3,4,4.25,2.5,2,4.7,-3.6,-0.14,3.45,,,10.1,3.97,,4,6,2.64,-0.5,-0.5,-0.4,4.0260289083,19,17,6
Buffalo,Cincinnati,-6,-2.15,1.46,-2,-0.44,-1.4,,-3,5,6.8,5,-1.59,-10.37,11.38,-1.59,-0.1,0.57,,2.26,,1.78,7,-3,-4.5,,-1.44,-3.09,-1.96,0.7,-7,-4,-0.4,-1,-0.48,-1.8,-6.33,0.4,-2.18,3.44,-6.5,-1.59,-3.3,-1.3,-4,1.26,-2.6,-0.81,-2.65,-3.07,-1,-6,-8,-1,-1,0.01,1.85,-0.5,-3,2.9,-4.7,-4.1,2.88,,,5.6,1.42,,-1,-3,-2.99,-3.5,-4.2,-3.4,3.5924435992,27,24,6
Chicago,N.Y. Giants,7,13.9,14.02,16,8.23,12.73,,10,-4,20.37,-6,13.01,5.38,20.76,16.16,11.89,14.19,,16.42,,17.09,12.04,13,8,,10.15,12.5,14.63,8.5,7,22,16.4,12,15.82,12,6.66,8,9.4,7,7,13,19,15,7,6.6,18.9,5.69,10.53,20.7,14,10.5,20,10,7,19,15.6,5,8,9.3,19.4,9.33,4.24,,,23.9,14.56,,10,11,20.81,13.6,14.7,14.8,5.9908945847,21,27,6
Cleveland,Detroit,-2.5,2.19,4.64,2,1.94,2.17,,1,-1,-0.19,-7,2.19,-4.59,2.05,3.18,4.78,3.07,,3.27,,2.98,-7,3,-1,,1.3,0.72,2.91,4.7,-3,0.8,5.1,3,6.22,3.8,1.82,4.2,6.09,3.84,-2.5,2.58,-0.2,4.1,0.01,-2.09,5.5,0.97,-1.62,2.77,-1,-1,-2,3,-3,5,3,8.5,3,7.3,-0.2,1.93,2.9,,,2.7,2.88,,3,6,2.58,0.4,-0.2,1.5,2.9160357928,31,17,6
Dallas,Washington,5.5,8.45,9.92,4,4.53,7.76,,6,2.5,14.47,6,7.46,10.69,13.37,9.42,8.49,7.29,,10.61,,10.71,-7,6,5.5,,6.6,7.04,9.13,13.5,3.5,9.45,9.8,6,5.99,6.4,-0.18,7.8,9.23,4.28,5.5,7.46,5.9,6.5,2,11.8,8.7,4.02,4.59,5.86,7,7.5,21,2,2,13,12.2,7,6,11,7.8,5.48,3.25,,,14.7,11.93,,1,6,6.37,8.1,10.6,8.9,3.7803379335,16,31,6
Denver,Jacksonville,26.5,29.68,17.23,28,27.44,27.59,,24,35,40.44,21,19.08,32.3,40.3,26.8,33.26,23.98,,36.06,,36.05,7,34,26.5,,25.19,31.05,28.68,33.9,27.5,41.6,29.2,29,24.22,23.2,28.01,27.2,37,7,26.5,28,30.4,19.9,20,18.14,35.6,18,27.55,35.94,23,23,29,26,18,33,37.45,20,19,8.4,37.6,24.6,9.58,,,29.6,15.73,,26,37,26.88,29.9,32.2,30.9,7.4161596369,19,35,6
Houston,St. Louis,9,9.76,9.51,7,10.24,8.17,,7,5,12.23,13,5.34,13.48,14.25,1.52,9.84,2.02,,10.68,,9.94,7,7,9,,9.34,10.17,8.59,9.4,7,-0.6,7.2,8,5.28,5.3,6.78,7.8,15.68,6.08,7,8.2,14.2,9.1,10,5.21,8.2,5.05,8.15,6.7,11,8.5,4,4,4,11,11.75,9,5,8.6,-1.5,7.12,4.87,,,16.8,8.67,,5,7,4.53,8,7,8.6,3.6461638754,38,13,6
Kansas City,Oakland,7.5,12.58,8.13,9,5.58,11.56,,11,6,20.14,-4,10.66,16.78,20.8,17.37,15.12,11.54,,15.14,,15.28,-11.12,8,8.5,,14.14,11.41,13.1,10.4,10,17,11.9,10,12.84,12.9,4.59,9.2,10.85,7,8.5,11.54,13.1,12.8,7,13.09,12.3,6.31,12.99,10.1,6,11,15,4,11,9,15.35,8,9,4.7,14.8,11.43,4.75,,,12.9,7.86,,3,8,12.6,13.2,16.4,14.5,4.38789772,7,24,6
Minnesota,Carolina,2.5,4.14,-3.9,1,-1.03,0.41,,2,-4,0.83,-6,2.44,4.3,8.12,-3.21,-2.46,-0.72,,-0.37,,-0.47,-0.97,-1,2.5,,2.76,4.79,2.86,2.1,2,-5,4.1,3,2.39,0.4,-3.07,-2.2,-4.23,7,2.5,1,-4.3,3,-1,-9.57,-2.4,1.94,-1.21,-0.56,-1,1.5,-1,-1,-2,-1,-6.15,-1.5,3,5.8,-5.6,2.37,2.58,,,-4.3,1.82,,1,4,1.39,1.6,1.1,0.9,3.3795982678,35,10,6
N.Y. Jets,Pittsburgh,-1.5,6.93,8.44,9,0.39,6.91,,3,4,14.02,7,8.2,-1.56,23.51,9.99,12.64,7.13,,6.62,,6.86,-14.96,0.01,0,,3.59,7.04,6.07,14.1,-2,9.65,12,7,11.99,8.1,0.85,6.5,6.33,5.83,2,6.6,12.2,9.3,3,2.35,6,3.82,0.66,6.6,5.5,4.5,6,-1,2,9,10.05,14,3,4.8,6.1,3.52,3.52,,,16,8.88,,1,9,18.94,4.5,4.1,6.2,4.871193226,19,6,6
New England,New Orleans,2.5,1.31,-2.52,-1,4.64,-0.56,,2,8.5,0.3,4,-1.93,-1.15,5.98,-1.53,-5.18,0.34,,-4.55,,-4.7,-3.59,2,2,,3.24,0.64,1.24,-1.5,3,-6.2,-3.5,1,-2.86,-2.1,5.42,-0.1,-1.6,-16.2,3,-1,-4.8,-2.7,1,-3.6,-3.5,3.14,-0.79,-6.09,-2,2.5,-12,5,1,-5,-2.15,-1,3,-1.7,-6.7,2.51,3.72,,,-2.9,2.41,,5,-2,-5.95,2.7,-2.6,1.9,3.7741203269,27,30,6
San Diego,Indianapolis,0,-2.96,-7.76,-7,-1.95,-4.7,,-3,5,-4.72,10,-4.07,-7.31,-5.36,-7.6,-8.02,-3.74,,-7.86,,-7.58,-7,-5,-1,,-1.42,-2.55,-4.35,1,0,-11.8,-5.5,-4,-7.56,-4.4,-0.39,-0.9,-0.47,-4.44,-1.5,-4.35,-9.3,-6.5,0.01,-2.87,-9.2,1.94,-2.49,-11.27,-8.5,-1,-3,-4,-4,-11,-6.55,-5.5,-1,-3,-11.8,-1.92,1.74,,,-9.9,-0.44,,-4,-8,-8.15,-4.3,-3.3,-4.9,4.1962917975,9,19,6
San Francisco,Arizona,10.5,9.82,9.68,6,15.22,8.95,,9,2,11.84,14,4.25,14.51,13.28,6.76,4.06,4.72,,8.64,,7.9,15.71,16,10.5,,13.11,8.61,10.29,4,11.5,4.8,6.7,8,7.24,7.9,13.1,8.2,9.48,4.52,10.5,8.71,12.6,7.3,10,1.44,10.8,7.91,11.31,8.71,12.5,10,15,13,2,9,7,6.5,11,10.5,3.5,7.91,5.77,,,8,5.29,,12,7,3.65,14.5,12.1,14.3,3.7596563398,20,32,6
Seattle,Tennessee,11.5,11,6.57,11,20.96,11.23,,12,13,14.56,17,4.97,16.65,14.62,8.6,10.05,6.67,,12.07,,11.25,7,20,11.5,,15.25,10.37,10.95,10.5,13.5,8.2,9.7,13,8.26,7.7,19.25,13.8,9.62,4.04,13,11,13.3,10.8,12,10.01,12.5,9.11,12.83,11.33,14,12,9,18,7,9,12.55,12,9,3.2,6.7,11.97,6.05,,,18.4,7.56,,18,9,6.88,11.1,10.1,10.3,3.8452785946,13,20,6
Tampa Bay,Philadelphia,-3,1.84,-2.22,-1,0.31,1.07,,1,2,0.82,-11,1.33,-2.88,1.44,-2.26,0.18,-0.24,,1.45,,2.22,-4.06,4,-2,,4.61,0.78,2.17,5.9,-1.5,-0.7,2.9,3,-1.21,-1.3,7.8,-0.6,1.77,-16.16,-1.5,1.44,3.4,0.4,-1,-7.53,0.2,2.48,1.56,4.02,1.5,-1,-5,7,-5,5,2.25,3.5,1,9.7,-1.6,2.55,3.05,,,3.2,2.1,,7,4,-11.93,2.9,-0.1,2.5,3.9163898292,31,20,6
Arizona,Seattle,-5.5,-5.08,-0.37,-7,0.96,-5.75,,-4,-6.5,-7.96,-3,-4.45,-9.57,-8.72,-7.97,-3.81,-3.46,,-8.75,,-7.77,12.6,-12,-5.5,-5.56,-5.88,-3.7,-6.19,-4.1,-6,-12.17,-3.2,-3,-3.23,-5.1,-14.55,-6.6,-5.4,-2.06,-5.5,-5.25,-8.9,-3.6,-7,-4.44,-4.3,-3.62,-5.08,-7.76,1,-7.5,-16,-6,-6,-5,-7.65,-7,-4,-1,-12.2,-4.71,-1.35,,,,-2.76,,-5,-10,,-8.7,-5.6,-7.8,3.4811214161,34,22,7
Atlanta,Tampa Bay,6.5,7.9,5.32,9,7.95,7.92,,9,10.25,7.62,14,5.85,12.22,7.32,8.98,5.98,6.66,,7.3,,7.38,7,12,6.5,8.12,7.04,8.24,7.92,7.4,7,6,8.5,7,8.84,8.2,7.43,8.1,7.64,7,7,7.72,7.8,7.5,7,10.91,11.9,5.68,10.93,7.57,6.5,8.5,12,6,3,9,7.4,7,6,9.2,4.7,8.64,5.22,,,,6.83,,6,5,,9.2,9.1,9,2.1079090128,23,31,7
Carolina,St. Louis,7,7.58,4.59,6,10.28,7.79,,5,12.5,10.63,-3,1.98,3.21,2.47,12.58,6.19,9,,13.06,,12.27,12.33,12,7,10.75,4.72,5.54,10.27,6.8,6.5,11.37,6.6,7,4.8,8.1,8.91,12.1,15.77,1.22,6.5,7.29,12.8,8.1,9,3.25,14,3.83,8.28,12.07,22,6.5,11,6,5,12,16.1,-3.5,4,3.3,9.5,6.22,3.45,,,,9.43,,5,3,,7.6,6.6,7.8,4.4261497239,15,30,7
Detroit,Cincinnati,2,2.83,1.84,2,2.87,3.01,,3,1,5.49,1,4.77,0,4.29,4.09,5.26,3.5,,8.33,,8.09,7,2,2,5.76,2.99,3.61,2.41,3.4,2.5,3,5.9,3,3.44,4.3,-3.03,1.6,0.59,4.33,2.5,2.99,-0.3,5.5,1,6.39,6,2.04,2.79,4.01,5.5,2,3,1,-1,1,4.65,1.5,2,0.3,1.9,4.12,2.61,,,,4.76,,1,-3,,1.7,3.9,1.3,2.0902974247,27,24,7
Green Bay,Cleveland,9.5,12.18,7.24,8,14.77,10.49,,13,16.5,14.65,11,5.9,11.84,13.81,7.46,10.12,5.93,,12.36,,12.23,7,14,9.5,12.4,11.78,12.67,12.05,10.3,11,6.77,11.3,11,7.83,11.2,7.1,8.8,13.28,5.55,10,11.1,14.9,11.7,8,11.38,13.5,8.48,15.51,10.68,20,11,11,9,1,10,9.9,15.5,6,9.3,5.3,11.34,3.9,,,,9.08,,9,5,,12,10.3,11.5,3.4920776188,13,31,7
Indianapolis,Denver,-6,-2.45,0.51,-2,-4.11,-2.79,,-3,0.01,-7.35,-8,-0.13,0.64,-9.62,1.57,-4.38,1.98,,-2.08,,-2.32,-5.65,-6,-5,-0.84,-5.57,-4.13,-0.51,-6.8,-5.5,-8.5,-2.7,-4,-0.23,0.6,-7.35,-4.7,-7.23,-7,-6.5,-2.75,-3.3,-2.5,-4,1.03,-0.6,-2.12,-7.21,-2.8,-12,-3,-9,-6,-4,0.01,-1.3,-0.5,-1,7.1,-8.8,-3.59,1.38,,,,-0.57,,-5,-3,,-3.4,-4.3,-2.9,3.5601631031,33,39,7
Jacksonville,San Diego,-7,-12.6,-16.68,-10,-18.04,-10.5,,-8,-9.5,-16.98,-11,-9.28,-3.76,-19.6,-10.71,-15.24,-8.08,,-12.37,,-12.6,-14.09,-11,-7.5,-10.03,-4.56,-14.27,-12,-8.6,-7.5,-21.33,-7.8,-13,-8.39,-8.6,-10.16,-10.8,-16.83,-7,-7,-10.1,-14.6,-8.4,-9,-6.01,-13.6,-5.82,-11.65,-14.51,-15.5,-6,-12,-11,-10,-10,-14,-6.5,-6,-3,-20.6,-7.51,-0.7,,,,-5.75,,-11,-9,,-10.8,-12.8,-11.9,4.4105104461,24,6,7
Kansas City,Houston,6,11.84,9.07,11,6.51,12.42,,9,6.75,17.14,-17,13.79,3.52,11.77,23.26,19.42,16.2,,24.26,,24.39,7,8,7,21.08,1.88,10.48,14.06,16.5,4,27.33,19,15,16.51,15.2,0.23,8.5,10.55,7,6,11.3,10.4,15.6,1,6.44,23.3,2.81,11.45,22.07,13.5,10.5,12,7,9,19,20.65,6.5,6,11.4,24.4,7.6,1.19,,,,6.98,,8,8,,9.5,13.9,11.2,7.4211531991,16,17,7
Miami,Buffalo,7,7.96,3.96,8,7.69,7.22,,6,2.5,8.03,10,7.34,10.27,7.99,5.17,7.97,4.45,,10.62,,9.98,7,5,7,11.44,9.58,8.85,7.42,8.8,7.5,3.9,10.8,7,8.02,6,4.78,4,7.87,5.57,7,7.38,6.2,9.7,4,10.65,3.9,6.27,10.38,7.85,0.01,8.5,9,4,3,7,9.55,6,6,6.2,2.7,7.13,3.59,,,,6.74,,4,9,,5.8,6.7,5.4,2.4539575128,23,21,7
N.Y. Giants,Minnesota,3.5,0.19,2.44,-2,-2.67,0.33,,4,10,-6.86,6,-1.29,-3.33,-4.37,-3.35,1.28,-3.18,,1.74,,1.69,-9.11,1,3,1.04,3.87,1.05,-0.42,3.8,3,-10.07,2.7,0.01,-1.26,2.7,0.97,2,6.72,-7,3.5,0.74,0.1,3,2,4.88,-0.7,3.3,0.28,-2.27,-1,3.5,6,-1,1,-1,-2.7,1,0.01,1.9,-10.2,1.37,2.65,,,,3.46,,-1,3,,0.2,0.5,-0.5,3.6593650361,7,23,7
N.Y. Jets,New England,-3,-7.81,-4.31,-7,-14.31,-6.85,,-8,-0.25,-10.84,-3,-4.65,-1.65,-12.41,-6.32,-8.12,-1.91,,-5.81,,-6.57,-7,-11,-4,-7.37,-5.53,-6.84,-8.44,-4,-3,-8.83,-4.9,-7,-7.07,-8.7,-10.39,-6.4,1.67,-3.69,-3.5,-7.19,-6.4,-8.1,-2,-6.21,-12.4,-2.88,-8.95,-8.71,-9,-7,-12,-11,-4,-11,-9.2,-7.5,-4,-7.3,-9.1,-7.96,-0.54,,,,2.08,,-11,-8,,-8.5,-8.7,-9.1,3.5495980475,27,30,7
Philadelphia,Dallas,2.5,-0.95,4.04,-0.25,-6.35,-1.57,,0.01,2,-4.88,-6,-1.68,-8.12,-2.22,-1.82,-0.19,-0.6,,-1.69,,-2.56,-7.11,-4,1.5,-0.27,3.44,0.83,-2.4,-4.6,0,-6.33,0,-3,0.25,-0.3,-5.87,1.2,-1.68,0.19,2.5,-1.34,1,0.9,1,2.46,-5.4,1.63,0.17,-5.44,-3.5,-0.5,-1,-5,-1,-5,-2.15,1,1,-4,-6.8,0.24,1.64,,,,3.59,,-5,-3,,-2.6,-3.3,-3.3,2.9688422875,17,3,7
Pittsburgh,Baltimore,3,-3.54,-2.36,-5,-2.61,-4.04,,-1,-4,-8.01,7,-0.76,-7.66,-8.76,-2.69,-6.06,-0.26,,-3.15,,-3.51,-4.49,-6,1.5,-7.83,1.59,-2.79,-3.92,-4.7,2.5,-5.43,-6.6,-7,-5.32,-1,-4.47,-4.2,-2.83,-1.6,3,-3.81,-5.7,-4.5,-2,-0.79,-5,-1.64,0.18,-7.58,-9.5,-0.5,-3,1,-3,-9,-8.5,-3,0.01,-5.1,-5.9,1.06,0.43,,,,2.12,,1,-13,,-3.2,-3.7,-3.7,3.4738702416,16,19,7
Tennessee,San Francisco,-3,-1.24,2.72,-4,-4.04,-2.01,,-4,10.25,-1.51,-8,1.25,-6.85,-3.4,1.22,-1.36,2,,1.19,,1.43,-0.25,-10,-3,-1.07,-5.41,-1.21,-0.91,4.5,-5,-1.33,-0.4,-3,-2.89,-0.5,-9.53,-2,-1.47,0.82,-4,-2.38,-3.2,-0.4,-5,-3.3,-4.8,-1.4,-6.25,-2.57,6.5,-3,-2,-3,-4,-1,0.3,-4.5,-4,2.9,-2.2,-5.73,1.53,,,,2.58,,-3,-5,,-4,-3.7,-3.5,3.6388255693,31,17,7
Washington,Chicago,0,-1.75,-5.11,-4,-4.24,-1.2,,0.01,-1,-6.12,-7,-1.92,3.05,-7.82,-3.44,2.03,-1.98,,0.84,,0.46,-9.87,-2,0,0.22,0.14,-1.05,-2.1,1.7,2,-8.03,0.01,-2,-3.61,1.3,1.03,-0.1,2.27,-4.07,0,-0.95,-0.6,-0.5,2,0.84,1.4,0.72,-5.37,0.05,2.5,-1,-7,-4,-4,-3,-1.7,5,1,-0.9,-8.4,0.85,1.94,,,,3.26,,-4,-6,,-2.9,-2.7,-2.5,3.1852862585,41,45,7
Arizona,Atlanta,3,1.85,4.3,4,1.01,2.47,,1,1,3.19,3,0.9,-1.77,6.46,0.01,6.11,1.08,,5.13,,5.19,6.63,-3,3,7.44,-1.1,2,1.15,4.5,2.5,-2.33,3.95,3,4.87,3,-1.1,2.7,1.75,7.76,3,2.7,-1.7,7.4,1,7.57,6.1,1.45,-2.72,4.26,3.5,0.5,-2,-1,-3,5,4.95,3.5,1,5.5,-3,0.48,1.37,,,8.3,5.25,,-1,3,3.47,-1,1.9,0.2,2.9723480951,13,27,8
Cincinnati,N.Y. Jets,6,9.77,4.07,8,10.24,8.54,,10,4.5,14.22,3,5.48,3.49,12.15,8.13,10.67,5.88,,7.17,,7.88,7,11,6.5,11.67,8.75,9.25,9.82,8.1,7,6.86,9.35,10,7.98,8.8,12.29,7.3,3.89,2.01,6,8.8,8.6,12,6,4.23,14.3,5.84,9.64,9.9,10,8.5,8,11,2,12,11.85,9.5,7,10.2,5.5,9.41,4.19,,,10.3,3.46,,10,6,7.03,10.3,12.6,10.4,2.9233266185,9,49,8
Denver,Washington,11.5,13.35,8.63,17,13.1,14.24,,11,11.5,17.76,7,10.61,20.75,15.95,13.5,13.4,12.37,,19.15,,19,15.82,15,12,17.86,10.71,13.19,13,17.2,12,20.76,17.15,13,12.74,9.2,11.5,16.2,20.14,15.33,11.5,13.36,12.4,14.1,7,11.33,12.7,10.22,15.7,17.8,13,12.5,15,14,6,19,19.25,12.5,12,6.8,18.3,12.45,6.45,,,22.3,12.74,,13,17,13.36,16,16.6,16.6,3.7676364891,21,45,8
Detroit,Dallas,3,-0.05,7.57,2,1.77,0.31,,0.01,2.75,2.65,3,-1.14,-2.13,3.25,0.42,-2.49,1.26,,-4.2,,-3.82,-11.71,1,2.5,-0.53,2.48,0.77,-1.54,-0.6,3,-2.71,-2.45,-2,-0.03,-0.5,6.02,-1,-4.01,0.98,3,0.01,0.3,0.2,3,-0.45,-1.1,2.88,1.19,-3.64,3,0.01,-1,1,1,-3,-0.45,1.5,2,-2.2,-3.4,2.13,3.41,,,-1.2,5.51,,1,-3,-2.39,0.9,-0.2,-0.2,2.4626653733,30,31,8
Jacksonville,San Francisco,-16,-21.3,-17.14,-20,-17.57,-18.77,,-18,-5.75,-25.98,-26,-16.4,-14.15,-27.36,-17.61,-22.77,-14.02,,-22.4,,-22.19,-14.98,-26,-16,-17.62,-13.84,-24.91,-20.27,-12.1,-14.5,-26.71,-17.5,-24,-15.08,-18.4,-26.39,-17.2,-18.62,-7,-16,-18.4,-26,-13.7,-16,-12.35,-27.7,-12.95,-20.68,-24.21,-18.5,-14.5,-18,-17,-11,-21,-22.9,-18,-13,-9.5,-22.5,-18.69,-5.41,,,-20.1,-6.44,,-16,-23,-24.81,-23,-24.4,-24,5.6410430657,42,10,8
Kansas City,Cleveland,9,10.37,10.34,10,6.22,10.17,,9,12.5,10.47,-10,14.26,4.71,9.26,16.9,11.04,11.7,,16.53,,16.58,10.37,3,9,16.02,6.22,8.87,11.49,11.8,7.5,17.14,14.85,12,13.58,6.3,9.28,8,9.43,7,8,10,11.6,12.5,4,10.89,7,5.51,8.66,15.06,7,12,16,7,4,13,13.65,7.6,6,8.7,15,8.22,2.66,,,12.8,9.09,,6,8,14.14,8.9,10.5,9.4,4.467246932,17,23,8
Minnesota,Green Bay,-9,-9.4,-8.59,-12,-9.96,-10.3,,-10,-11.25,-12.69,-10,-9.01,-6.69,-9.23,-7.52,-13.3,-4.44,,-15.29,,-15.16,-7,-11,-9,-13.93,-5.11,-8.78,-10.71,-9.8,-7.5,-14,-13.15,-10,-11.79,-12.6,-2.75,-8.8,-15.2,-14.63,-8,-10.2,-23.4,-12.1,-7,-11.08,-18.8,-2.06,-10.68,-16.33,-15,-9.5,-14,-4,-4,-17,-13.75,-12,-5,-9.7,-13.9,-7.83,1.73,,,-15.3,1.39,,-4,-12,-12.47,-10.2,-11.2,-11.7,4.5689114368,44,31,8
New England,Miami,7,7.52,6.01,7,6.84,6.7,,8,5.75,12.13,9,5.04,10.26,13.12,6.94,4.45,5.45,,2.95,,3.43,-8.8,10,7,5.27,5.39,7.38,7.14,5.2,7,5.4,3.25,4,6.72,6.2,10.04,6.4,1.41,7.15,6,6.84,4.3,7.6,6,5.23,8.1,6.58,8.64,3.21,6,9,8,9,2,7,4.4,7,9,5.2,4,7.3,4.88,,,3.5,6.34,,9,8,2.83,9.3,7.2,9.3,2.361812749,17,27,8
New Orleans,Buffalo,11.5,13.1,11.25,13,17.94,12.18,,12,3,16.5,20,11.55,15.32,14.64,12.56,10.53,9.45,,13.06,,13.42,7,13,11.5,13.37,10.93,12.72,12.94,12.6,12.5,13.38,12.35,10,13.07,8.4,16.93,11.6,10.3,8.02,10.5,12.4,12.5,12.7,9,12.76,12.4,9.71,10.95,13.08,14.5,13.5,14,11,7,11,14.15,5,12,6.5,11.5,12.24,4.75,,,15.2,9.99,,11,16,10.17,12.1,14.6,12,3.0843726122,17,35,8
Oakland,Pittsburgh,-3,-0.19,1.87,2,-2.67,1.56,,-2,7.5,1.55,-10,4.51,-4.8,2.96,2.68,3.62,2.73,,4.77,,5.13,6.22,-4,-2,8.66,-4.04,-0.9,-0.02,7.3,-3,0.67,7.65,3,4.17,-0.9,-3.76,1.3,-2.45,-1.76,-2.5,1.87,4.1,5.1,-3,4.29,-0.7,2.87,-2.85,7.1,6,0.01,1,-2,-7,7,7,-4,0.01,6.1,-0.3,-3.63,2.14,,,6.9,3.93,,-1,7,4.41,-1.2,0.2,-0.6,4.1154399514,18,21,8
Philadelphia,N.Y. Giants,5.5,5.9,11.11,8,-3.78,6.86,,5,-0.75,5.44,-7,8.14,11.99,8.29,8.98,10.3,7.21,,9.99,,9.76,5.91,1,5.5,10.79,3.51,5.32,6.17,6.7,6.5,10,9.35,4,8.1,5.5,0.76,6.3,3.47,10.67,4.5,6.7,9.8,9.6,4,8.3,5.1,3.06,3.7,9.91,10.5,6,5,2,1,9,10.4,10,6,2.3,8.3,5.6,2.06,,,11,11.83,,2,4,9.03,4.2,6.3,5.3,3.8625335538,15,7,8
St. Louis,Seattle,-12.5,-8.12,-7.06,-12,-6.7,-9.72,,-6,-7,-13.23,-13,-7.01,-13.48,-8.91,-8.19,-10.5,-4.55,,-14.41,,-13.33,-13.11,-10,-12,-11.59,-6.91,-7.21,-9.73,-8.6,-10,-13.71,-8.45,-7,-8.49,-9.6,-12.72,-16.9,-11.94,-10.1,-11,-8.94,-15.3,-8.9,-9,-7.51,-10,-4.36,-8.94,-12.81,-13.5,-11.5,-12,-7,-14,-14,-12.85,-7.5,-6,-8.2,-13.6,-6.15,-0.72,,,-13.3,-4.55,,-8,-15,-9.37,-8.8,-8.5,-9.4,3.2456987025,14,9,8
Tampa Bay,Carolina,-7,-4.46,-10.16,-8,-9.38,-7.55,,-5,-8.75,-8.83,-4,-3.08,-9.1,-6.78,-12.47,-9.27,-5.4,,-10.96,,-10.86,-8.5,-11,-7,-10.17,-2.01,-3.02,-6.66,-2,-6.5,-15.83,-6.15,-7,-10.37,-7.5,-13.76,-5.9,-9.51,-7,-6,-7,-6.3,-7.6,-5,-6.5,-16.5,1.78,-6.07,-12.09,-9.5,-3.5,-11,-6,-8,-9,-10.75,-8.5,-2,-3,-15.5,-4.62,1.33,,,-10,-4.19,,-6,-5,-19.34,-6.1,-7.3,-7,4.1419388017,31,13,8
Buffalo,Kansas City,-4,-6.51,-4.57,-8,4.97,-5.04,,-2,-1.5,-6.45,10,-8.79,-6.79,-5.85,-10.25,-4.7,-5.96,,-7.97,,-7.69,-7.16,3,-4,-6.54,-5.73,-5.45,-6.98,-3.6,-3.5,-15.38,-7.75,-4,-8.43,-3.1,6.69,,-4.07,-7,-3,-5.85,-7.9,-4.4,-1,-7.17,0.3,-0.33,-2.33,-8.34,-2.5,-6,-16,1,-6,-7,-6.45,2,-3,,-15.1,-3.25,3.7,,,-8.4,-4.69,,1,-11,-10.99,-3.4,-5.7,-3.2,5.0642035237,23,13,9
Carolina,Atlanta,7.5,14.02,7.6,10,6.24,9.98,,7,9.5,9.18,-6,7.63,12.29,8.79,13.67,12.56,10.38,,15.05,,14.63,14.75,11,7.5,14.62,8.23,13.05,15.95,6.9,7.5,14.14,10.85,11,11.28,9.3,9.49,,10.63,7.8,9,9.49,4.2,12.8,6,7.26,18,1.54,7.35,14.79,14,7,12,7,3,13,14.8,12.5,5,,12.1,7.48,2.45,,,20,8.25,,8,6,9.04,7.9,9.1,8.9,4.3253481869,10,34,9
Cleveland,Baltimore,-3,-0.89,1.17,-0.25,-3.33,-0.74,,-2,-1.75,-5.14,-3,1.47,-4.15,2.41,-0.6,-0.85,0.92,,-1,,-1.31,2.01,-5,-2.5,0.39,-2.1,-0.34,-0.81,1.1,-3,-3.16,0.05,-3,2.14,2.1,-1.79,,-2.36,-0.38,-3,-0.65,-3.4,0.01,-2,-0.03,-2.4,-0.97,-4.55,-0.34,0.5,0.01,-1,-1,-3,4,-0.65,-5,1,,-3.9,0.5,1.65,,,-2.2,2.29,,1,4,-1.49,-1.8,-0.3,-1.3,2.2209408433,18,24,9
Dallas,Minnesota,10,17.25,17.27,15,9.72,13.93,,14,19.25,17.33,4,15.3,20.13,13.37,12.24,17.84,10.14,,18.34,,18.37,7,12,11,16.78,9.91,16.43,18.86,14.4,10.5,15.36,16.95,13,15.21,14.3,3.11,,12.38,12.58,10.5,14.4,16.8,15.5,7,12.94,20.5,4.73,9.6,17.47,16,14,13,6,5,19,17.8,14,9,,13.2,12.23,3.06,,,23,10.83,,5,15,13.48,12.4,16.1,14.4,4.5779753782,23,27,9
Green Bay,Chicago,11,12.43,6.81,10,9.47,9.93,,9,8,10.53,3,7.2,13.11,9.26,7.46,11.48,6.69,,12.53,,11.81,7,9,11,12.42,8.67,12.69,12.82,10.9,11,7.71,10.95,9,10.42,8.6,6.96,,15.83,8.11,11,9.33,17.1,10.4,7,8.06,14,5.07,8.51,11.38,14,10,11,5,8,12,12.45,16.5,7,,6.2,8.67,3.39,,,21.6,9.33,,6,6,7.45,8.3,8.5,9.3,3.409104603,27,20,9
Houston,Indianapolis,0,-7.81,-2.07,-7,-2.78,-6.66,,-3,-4.5,-7.55,11,-3.8,-12.91,-10.53,-10.54,-9.6,-6.13,,-11.76,,-12.53,-7,-5,-1.5,-9.41,-4.27,-4.62,-10.94,-4.6,-1.5,-17.29,-7.15,-6,-9.21,-3.9,-1.69,,-6.26,-5.05,-2.5,-6.26,-4.2,-8.8,3,-0.04,-11.3,2.47,-2.56,-14.18,-9,-4.5,-10,-5,-7,-13,-12.8,-3.5,-1,,-16.9,-0.77,3.2,,,-13.7,-4.09,,-6,-8,-8.56,-4.2,-5,-4.3,5.1357233243,27,24,9
Miami,Cincinnati,-3,-0.53,-3.71,-5,-5.36,-3.24,,-4,0.75,-3.22,1,-1.98,-7.08,-5.01,-4.05,-4.42,-1.64,,0.38,,0.34,1.95,-6,-3,-2.29,-2.18,-0.05,-0.37,0.01,-1.5,-7.77,-0.15,-3,-4.56,-6.4,-7.02,,-3.08,0.03,-3,-3.5,-2.2,-1.6,-4,0.43,-8.6,2.46,-2.21,-4.33,-4.5,-4,-5,-4,1,-5,-1.65,-3.5,-2,,-8.1,-3.38,3.47,,,-4.2,2.18,,-5,-4,-3.28,-4.4,-4.9,-5.1,2.7297494928,20,22,9
N.Y. Jets,New Orleans,-6,-11.27,-1.29,-10,-8.35,-9.42,,-9,0.75,-8.08,-7,-8.87,-13.82,-3.74,-11.36,-11.43,-6.74,,-13.88,,-14.59,-4.09,-14,-6.5,-12.32,-10.11,-9.31,-13.24,-8.6,-3.5,-18.36,-10.35,-9,-9.07,-9.3,-5.23,,-6.19,-6.06,-6,-9.3,-8.4,-10.7,-5,-7.6,-17.9,-2.74,-7.67,-16.78,-11,-6.5,-12,-8,-6,-14,-15.95,-6,-5,,-17.9,-7.86,0.18,,,-16.5,-1.83,,-8,-12,-9.52,-10,-13.9,-10.4,4.356803373,20,26,9
New England,Pittsburgh,7,10.94,4.49,11,9.92,9.91,,8,10.75,19.44,9,10.03,11.94,18.18,10.38,6.62,7.2,,6.64,,7.75,4.84,10,7.5,12.29,7.3,11.91,10.62,11.3,7,9.38,10.75,10,11.12,7.6,9.39,,1.78,10.15,7,10,8.3,11,5,7.48,8.3,9.7,7.41,9.8,10.5,11.5,7,7,3,14,12.4,9,9,,7.8,7.56,7.06,,,10.1,7.97,,8,17,10.09,11,10,11.6,3.1243475371,31,55,9
Oakland,Philadelphia,3,3.57,1.01,4,-0.79,3,,2,1.25,1.51,-8,4.78,5.78,4.06,3.12,3.21,3.25,,4.28,,4.05,-1.59,2,3,4.69,-1.83,1.37,6.44,8,2,1.95,2.85,3,4.36,5.1,3.92,,3.62,5.29,1,3.21,2.2,4.1,0.01,0.56,7.4,1.42,-0.9,4.57,4,1,2,3,-6,5,4.15,6,0.01,,0.8,-1.23,2.59,,,3.8,3.32,,3,8,2.17,2.9,1.8,3.2,2.9100889642,49,20,9
Seattle,Tampa Bay,17,24.7,15.18,20,22.1,19.87,,17,13.25,19.2,22,15.45,19.49,21.9,18.76,22.04,12.49,,24.15,,23.53,7,22,17,24.8,17.04,24.81,25.28,16.7,16.5,20,19.35,24,23.83,17.9,24.76,,18.69,7,17,19.49,17.3,18.9,14,15.79,23.3,10.75,17.5,22.09,23,16.5,18,18,12,25,22.55,18,14,,17.6,16.71,7.94,,,24.1,12.03,,18,25,25.9,19.2,20.5,19.7,4.2665254573,24,27,9
St. Louis,Tennessee,-3,0.79,-0.8,-0.25,0.07,-0.14,,4,0.75,-1.13,-3,-0.5,0.65,1.89,-0.1,0.91,1.16,,-2.2,,-1.99,-4.97,5,-2,0.4,-0.71,2.56,-0.36,-0.1,-3,-2.98,0.95,3,0.29,-2,-2.19,,-1.31,-2.24,-3,-0.1,-5.7,2.5,1,-1.11,2.1,1.75,-0.99,-1.11,-2,-2.5,-1,3,-8,-3,-0.75,2.5,0.01,,-3.7,0.09,2.34,,,1.7,-0.75,,4,-5,-1.3,0.4,0.7,-0.2,2.4079390642,28,21,9
Washington,San Diego,-1,-2.75,-2.74,-2,0.75,-2.02,,0.01,-5,-2.92,3,-4.97,-3.87,-3.65,-4.59,-4.27,-2.3,,-4.14,,-3.95,4.82,1,-1,-2.21,-0.16,-1.94,-2.94,-5.1,0,-10.43,-2.75,-3,-2.22,-2.8,4.58,,-5.4,-2.49,-1,-2.28,-0.8,-0.3,2,-4.52,-6,1.96,-0.3,-4.02,2,-1.5,-9,1,-3,-1,-3.6,-4,0.01,,-10.6,1.83,2.43,,,-5.1,0.45,,1,3,-4.92,-0.2,-1.5,-1.3,3.2104219912,24,30,9
Arizona,Houston,2.5,6,4.76,7,6.71,5.46,,4,3,2.99,2,3.51,-0.88,4.01,8.28,6.27,6.36,,7.95,,8.63,13.78,6,3,,2.99,3.92,7.75,6.8,3,8.63,7.26,7,7.39,7,3.28,,3.06,0.44,1,6,2.5,9.8,0.01,10.11,10.4,1.69,7.36,9.87,6.5,4,7,8,4,9,9.5,2,2,5.3,7,2.54,0.49,,,14.3,5.44,,8,6,6.82,2.3,4.1,1.9,2.9933987484,24,27,10
Atlanta,Seattle,-6,-6.2,-3.82,-14,-1.73,-7.66,,-5,-3,-9.44,6,-7.23,-1.78,-16.61,-7.85,-9.74,-4.45,,-11.1,,-10.69,-10.26,-7,-6,,-8.41,-6.24,-6.76,-6.1,-6.5,-13.47,-7.14,-7,-10.95,-6.9,-7.12,,-5.86,-16.38,-7,-7.13,-9.7,-9.6,-6,-12.44,-7.7,-2.07,-7.58,-10.38,-10.5,-7,-11,-7,-8,-13,-11.05,-10.5,-4,-5.7,-13.4,-5.44,0.28,,,-17.2,-1.06,,-6,-11,-10.1,-4.8,-5.6,-5.2,4.1882310228,33,10,10
Baltimore,Cincinnati,-1,1.22,-0.92,-4,4.94,-1.42,,-1,1.25,1.16,9,-3.24,-5.38,-3.17,-2,-1.84,-0.17,,0.58,,0.27,15.26,2,-1,,-1.22,1.19,0.63,-1,-2.5,-5.17,-0.24,2,-2.63,-3,2.38,,-1.9,-1.35,-1,-1.82,-4.7,-0.5,-1,1.76,-2.9,3.98,-5.01,-4.08,-2,-3.5,-4,2,-2,-6,-2.85,-2.5,0.01,-3.7,-5.7,-1.73,3.87,,,-5.4,2.18,,3,-3,-3.08,-1.1,-1.8,-2.2,3.0432265433,17,20,10
Chicago,Detroit,0,4.42,-2.63,2,5.03,1.77,,4,-1.5,-0.2,1,1.34,-3.95,-0.13,2.36,1.06,2.46,,1.38,,1.32,-11.5,6,0,,0.55,4.11,4.14,2.5,-2.5,0.25,1.46,3,1.16,1.9,-0.06,,-0.52,2.27,0,1.7,-0.3,4.7,1,2.68,1.8,4.38,0.09,0.43,-1,4,2,3,-3,1,0.9,2.5,3,0.8,-0.7,2.62,3.41,,,7.2,5.19,,3,7,0.46,3.7,1.6,3,2.3593147236,21,19,10
Green Bay,Philadelphia,1,11.32,3.12,11,11.98,8.26,,8,9.25,8.13,9,6.32,5.74,2.15,7.38,5.95,6.14,,9.29,,9.44,4.66,12,2.5,,8.43,10.08,12,10.7,3,7.54,9.26,7,7.53,7.3,12.42,,11.93,7.63,1,8.56,13.9,9.5,7,12.44,5.6,7.7,2.27,10.22,10.5,5.5,-3,10,-5,11,11,1.5,8,11.2,6,8.64,5.57,,,18,8.48,,9,9,7.06,9.7,8,9.7,3.8700806876,27,13,10
Indianapolis,St. Louis,10,12.96,8.62,14,9.67,11.18,,11,12.25,11.45,11,10.76,13.79,6.71,11.82,12.11,8.96,,12.06,,12.4,8.23,9,10,,9.7,11.67,13.72,13.6,11.5,12.82,11.76,10,13.57,11.2,-1.87,,11.74,9.11,10,11.52,11.4,13.2,6,5.2,10.7,5.58,10.25,12.85,9,13,14,6,10,17,14.8,16,10,14.1,11,14.33,4.68,,,19.6,9.1,,5,21,10.61,11.8,11.6,12.2,3.68205504,38,8,10
Minnesota,Washington,-3,2.19,-3.46,-4,-1.63,-1.09,,-1,-0.75,1.03,2,-1.72,-6.44,1.73,1.67,-3.61,2.22,,0.5,,0.04,-4.46,2,-3,,-0.77,2.03,1.72,2.2,-2,-1,-0.44,-2,-4.07,-2.4,-5.75,,0.71,-5.28,-3,-0.91,-3.4,-1.6,-2,1.48,0.8,2.29,0.19,-0.82,-4.5,-1.5,-2,-1,-2,-5,-0.1,2.5,1,-4.7,-1.9,1.01,3.18,,,7.3,4.33,,-1,-9,-4.08,0.01,-1.4,-0.8,2.9601228498,27,34,10
N.Y. Giants,Oakland,7.5,8.64,3.09,2,5.13,4.41,,8,8.75,-0.06,7,0.78,-3.22,1.01,0.89,7.91,1.66,,4.94,,4.89,-1.26,12,7,,5.89,9.71,6.73,1.2,6.5,-2.63,4.26,6,2.75,5.7,14.07,,6.47,2.68,9,4.71,3.5,8.8,5,2.27,12.2,4.52,8.16,4.05,1.5,6.5,7,4,1,4,3.55,7,5,2.4,-3.4,8.21,4.35,,,8.7,0.13,,4,5,1.28,6.4,6.4,5.5,3.7313160964,20,24,10
New Orleans,Dallas,7,5.55,12.94,8,8.15,6.21,,4,-1.75,10.68,10,4.17,9.4,10.57,5.85,2.26,5.33,,4.3,,4.64,11.03,6,7,,4.23,5.36,5.13,6.6,6.5,4.42,3.76,3,5.57,4.4,9.79,,4.99,7.45,7,5.56,10.7,5.6,6,9.34,4.6,6.74,4.84,3.97,5.5,4.5,11,4,7,4,4.85,8,6,2.8,3.1,4.17,5.43,,,9.7,9.01,,4,13,3.09,6,5.7,6,2.8791736538,17,49,10
Pittsburgh,Buffalo,3,4.12,-1.77,-1,6.54,1.33,,4,-2,0.92,4,0.58,-0.71,-3.51,1.95,0.83,2.29,,1.09,,0.54,5.55,2,3,,2.44,3.9,3.73,0.8,4,-0.28,-0.34,3,0.36,1,1.59,,4.22,-2.16,3.5,1.56,-2.9,1.7,4,0.42,1.3,3.15,4.5,-2.8,-0.5,3,1,2,-3,-5,-1.5,5.5,6,-4.4,-1.2,5.96,1.41,,,-6,2.88,,2,4,-1.77,3,2.2,1.9,2.8927043132,10,23,10
San Diego,Denver,-7,-4.16,-4.03,-8,-5.97,-6.07,,-5,0.01,-8.01,-1,-4.4,-2.38,-8.11,-2.54,-6.31,-0.9,,-7.76,,-8,-2.23,-9,-7,,-9.08,-5.37,-3.58,-4.5,-7,-12.38,-6.74,-7,-5.26,-2.2,-17.48,,-6.88,-7,-7,-6,-10.3,-5.4,-5,3.07,-4.8,-3.18,-9.79,-10.52,-8.5,-4,-10,-10,-6,-11,-8.45,-6,-3,-3.3,-12.4,-6,0.11,,,-12.7,1.25,,-10,-13,-7.05,-6.9,-6.6,-6.6,3.9413806124,28,20,10
San Francisco,Carolina,6,5.85,0.08,6,4.1,4.72,,6,-5,3.27,5,5.26,9.15,6.86,0.1,3.78,0.27,,1.78,,2.18,2.31,3,6,,3.91,6.91,3.62,2.9,6.5,-2.13,3.96,3,7.11,5.5,6.64,,2.63,9.63,6,4.9,1.3,5.3,4,6.28,4.8,7.82,6.21,1.53,2,7.5,5,1,1,5,2.85,5.5,8,10.1,-2.9,6.45,4.68,,,-4.1,2.13,,1,7,3.19,8.4,9.1,8.8,3.3284869643,10,9,10
Tampa Bay,Miami,-3,-2.2,-2.67,-8,-5.59,-3.99,,-2,-2.25,-8.31,-2,-2.89,-6.15,-9.66,-2.65,-3.19,-0.74,,-2.44,,-2.77,-11.66,-2,-3,,-2.62,-2.79,-2.19,-0.9,-3.5,-5.63,-2.84,-3,-5.87,-2.5,-6.8,,-5.66,-12.35,-3,-2.87,-2.6,-3.6,-2,-0.49,-1.2,0.81,-5.68,-3.43,0.5,-1,4,-2,-10,-5,-3.85,-5,-1,-3.7,-6.1,-1.88,0.42,,,-7.9,0.37,,-2,-9,-17.93,-2.8,-3.4,-3.5,3.4545018061,19,22,10
Tennessee,Jacksonville,13,20.25,12.06,17,13.16,16.89,,15,12,19.68,7,16.44,21.46,19.06,16.2,20.73,15.03,,22.6,,22.33,11.79,17,13.5,,14.79,23.45,19.22,17,13.5,24,15.46,21,15.17,14.4,13.15,,18.3,7,12,16.72,20,15.9,12,12,21.2,11.55,8.73,21.59,18,13,22,12,12,22,21.5,15.5,12,14.1,17.6,13.7,6.95,,,25.9,11.6,,12,16,23.41,18.2,19.6,19.4,4.3560587405,29,27,10
Buffalo,N.Y. Jets,-1,3.02,4.65,0.25,5.68,1.96,,2,2.25,-0.04,4,-2.01,-1,-4.22,3.73,0.66,3.44,,4.61,,4.59,8.86,6,-0.5,4.47,1.33,1.67,4.58,0.2,0,1.89,1.95,3,0.8,-0.1,6.89,,1.57,0.98,1,1.87,3.2,4.2,1,0.93,0.2,2.03,1.38,4.57,7.5,-0.5,3,7,-2,5,6.85,-4,2,8.7,0.8,1.74,4.07,,,11.5,-0.73,,7,-5,-1.27,2.5,3.6,1.8,3.0975089698,14,37,11
Carolina,New England,1,2.88,5.49,3,0.76,4.06,,4,5.75,2.73,-9,1.95,-2.53,2.31,7.1,7.14,5.97,,8.66,,7.76,16.27,5,1.5,8.05,2.6,1.39,4.84,2.7,2.5,5.44,5.25,7,5.22,5.5,11.38,,7.44,1.44,1,4.14,5.4,7,3,3.77,8.3,-1.55,4.97,8.61,9,1.5,7,3,1,6,9.1,5,1,4.8,4.1,2.95,0.21,,,14.2,4.17,,3,-6,2.57,1.9,4.6,2.3,3.7373598146,20,24,11
Chicago,Baltimore,3,3.8,-0.4,5,3.01,3.24,,3,2.5,2.19,3,5.4,-0.58,6.95,3.89,2.99,3.57,,3.37,,3.55,1.11,2,3,4.64,2.43,3.93,3.65,3,3,2.44,4.65,3,4.82,2.3,-4.04,,-1.6,3.89,3,3.42,5.3,6.3,1,4.94,3.4,2.44,3.44,4.17,3,8.5,9,5,-1,6,4.55,4.5,3,5.6,1.3,2.37,2.16,,,7.7,4.72,,4,-4,3.44,3,3.2,2.4,2.5122484865,20,23,11
Cincinnati,Cleveland,6,9.98,8.25,7,12.82,8.72,,9,12,12.27,9,5.93,14.15,11.78,9.07,5.54,6.81,,6.55,,7.17,7,10,6.5,9.76,6.81,9.59,10.35,7.4,6,8.58,6.95,10,6.98,6.1,18.01,,10.24,3.25,6,9,11.1,9.9,9,1.72,9.4,5.99,8.72,8.75,10.5,9,11,10,1,9,9,11,8,8.5,7,8.47,3.48,,,13,7.33,,11,5,5.55,9.1,8.2,9.1,2.8499180448,20,41,11
Denver,Kansas City,8,6.86,0.91,1,14.65,6.57,,8,7.5,7.68,10,3.05,5.57,6.23,0.64,6.04,-0.48,,5.75,,6.06,13.96,15,8,6.07,7.63,7.83,6.2,6.7,8,4.22,5.75,4,4.03,3.4,15.8,,13.63,-2.06,8,6.7,6.7,7.2,9,-1.66,9.8,8.84,8.76,6.45,11.5,6.5,11,10,4,7,7.35,7,8,3.5,3,11.03,6.24,,,6.5,7.88,,10,5,0.1,10.2,9.1,10.2,3.7470676751,17,27,11
Houston,Oakland,9,6.91,6.61,4,4.57,4.84,,8,5.5,1.87,4,5.78,0.57,1.6,1.82,5.4,2.38,,5.25,,5.28,7.28,8,8,5.69,7.74,7.93,5.7,5.5,7,-1.33,4.55,4,3.73,3.8,0.75,,6.18,5.85,7.5,5.4,8.8,5.5,8,9.21,10.1,6.5,7.7,5.45,6.5,5,4,2,1,5,5.55,1.5,7,4.1,-2.2,8.27,6.56,,,11.1,0.69,,1,-2,1.69,8.8,9,9.2,3.1202854052,28,23,11
Jacksonville,Arizona,-8,-11.38,-11.58,-11,-15.02,-10.23,,-6,-5.5,-18.55,-6,-8.97,-16.65,-19.64,-7.17,-10.16,-6.29,,-13.82,,-13.96,-7,-10,-8,-11.45,-6.39,-12.45,-10.75,-10.3,-6.5,-17.33,-9.35,-15,-8.68,-4.8,-15.76,,-13.31,-6.69,-7,-10,-16.7,-7.8,-8,-8.75,-7.1,-5.04,-7.33,-15.42,-8.5,-4,-10,-10,-12,-14,-13.9,6.5,-5,-8.2,-17,-7.7,0.35,,,-18.1,-4.81,,-10,-15,-12.28,-6.6,-8.5,-7.2,4.8740361527,27,14,11
Miami,San Diego,-3,2.86,-0.68,3,0.47,1.23,,1,4,-4.38,4,0.75,4.34,-2.99,0.84,-0.83,1.6,,0.79,,0.64,2.38,3,-1.5,3.14,0.49,3.14,2.58,1.8,-1,-1.89,0.95,3,0.61,-0.1,1.55,,-0.58,0.68,-1.5,1,1,1.3,1,-2.34,0.2,3.28,0.9,2.23,2.5,-1,-1,1,-1,4,2.35,3.5,1,1.6,-2.7,1.62,3.94,,,5.6,0.98,,1,6,0.57,1.5,0.1,0.8,2.0987859566,16,20,11
N.Y. Giants,Green Bay,6,-3.38,-3.12,-5,-6.08,-2.13,,-1,8.5,0.17,-4,-2.02,2.8,1.19,-5.52,0.08,-3.2,,-5.38,,-6.07,-6.6,-4,4.5,-4.74,0.87,-1.89,-5.1,-4.3,6.5,-11.33,-3.85,-3,-1.38,2.4,6.89,,-4.96,0.6,6,-2.85,-6.7,-0.1,-3,-1.22,-1.3,-1.76,3.75,-7.15,-8.5,6.5,2,-2,5,-7,-7.25,4.5,-4,-1.6,-11.4,3.69,1.37,,,-11.7,-2.57,,-3,6,-4.36,-2.7,-2.4,-3.1,4.4723069168,13,27,11
New Orleans,San Francisco,3,5.8,9.38,3,7.13,4.23,,3,4.5,1.47,1,2.98,4.95,2.46,4.34,2.09,4.55,,3.67,,3.93,8.21,3,3,4.29,2.71,6.03,5.48,7.9,3,4.33,4.25,3,4.58,2.5,3.82,,3.63,3.82,3,3.75,7.6,5.8,3,1.5,2.4,2.59,4.23,3.68,3.5,3.5,6,3,2,5,3.85,5.5,2,4,3.1,2.25,3.39,,,7.3,3.85,,4,16,3.13,2.7,4.2,3.5,2.3842685458,20,23,11
Philadelphia,Washington,4.5,6.66,-0.17,7,-2.32,6,,8,21,2.21,-4,7.53,12.68,5.28,7.21,8.3,6.06,,9.65,,9.33,-5.22,7,4.5,8.97,4,6.84,6.46,6.8,3,8.13,8.35,5,6.26,7.9,-7.59,,8.06,4.76,3.5,6.53,5,9.6,2,6.61,14.3,2.65,8.46,8.81,4,7.5,14,-1,2,9,8.65,13,6,2,6.6,6,1.88,,,15.5,6.3,,1,-5,6.32,4.4,5.7,5,4.8456646596,16,24,11
Pittsburgh,Detroit,-3,-2.17,-3.42,-6,0.72,-3.27,,-2,-7.5,-6.29,7,-3.8,-6.26,-9.4,-1.91,-4.19,-0.4,,-3.24,,-3.76,-3.18,-3,-3,-5.91,-1.29,-3,-1.39,-3,-3,-5.78,-4.95,-3,-4.38,-3.3,-4.6,,0.52,-3.77,-3,-3.12,-7.3,-3.6,-1,-2.93,-4.9,0.3,-2.67,-5.94,-2.5,-3.5,-7,-1,-6,-7,-6.5,-2.5,1,-3,-6.2,-2.12,1.68,,,-11.5,1.87,,-1,5,-5.99,-2.4,-4.5,-2.7,3.2602278328,27,37,11
Seattle,Minnesota,13,15.94,20.26,22,18.52,16.61,,15,12,21.11,14,14.93,19.9,19.27,14.56,15.52,12.14,,20.2,,19.72,7,18,13.5,20.17,13.51,15.91,16,15.2,13.5,18.16,15.25,17,18.93,13.7,25.88,,14.21,7,13,15.97,18.6,16.7,13,18.1,15.4,10.59,13.37,18.89,21,15.5,23,15,8,23,19.3,16.5,13,13.9,15.8,13.32,6.69,,,28.9,12.53,,15,11,14.16,16.3,17.1,17,4.0054517814,20,41,11
Tampa Bay,Atlanta,0,1.98,4.83,-0.25,-2.05,1.74,,1,7.5,1.69,-1,4.81,7.2,2.16,2.15,3.2,2.47,,2.83,,2.72,-1.48,0.01,0,3.01,-0.8,1.38,2.53,3.6,-2,1.22,2.25,3,1.02,3.9,-6.76,,-0.9,-1.48,-1.5,1.94,1.9,3.4,0.01,-0.95,9.8,0.32,0.39,3.32,3,1.5,-1,-1,-4,4,3.25,6.5,0.01,1.9,0.2,1.36,0.78,,,5.7,0.88,,1,1,-0.37,2.2,2.5,3.4,2.7344032151,28,41,11
Tennessee,Indianapolis,-3,-0.08,1.66,-2,-1.24,-1.25,,-2,0.01,-2.78,7,-1.79,-8.81,-3.32,0.99,-0.15,1.58,,0.8,,0.98,-7.05,-1,-3,-0.99,-2.47,-0.49,0.31,-1.4,-2.5,-1.78,-0.75,-3,-1.54,-0.2,-1.83,,-0.74,0.08,-3,-1.17,0.01,0.3,1,-1.88,5.2,1.67,1.21,-0.48,2.5,-3.5,-3,-3,-4,-3,-1.1,-0.5,0.01,-5,-2.5,-0.8,1.99,,,-5.5,-1.4,,-3,-3,-2.52,-2.5,-2.5,-2.5,2.493033526,30,27,11
Arizona,Indianapolis,3,1.39,3.55,1,4.55,0.36,,1,-1,-0.74,7,0.25,-0.79,-0.65,0.95,1.7,1.48,,1.69,,1.44,2.43,2,2.5,,0.08,1.32,1.31,1.1,1.5,-2,1.7,3,1.02,1.8,-0.38,,1.1,1.92,1,1,2.1,2.9,1,0.69,8.2,0.66,-0.04,1.05,0.01,0.5,-6,1,-4,-1,0.85,10,0.01,,-2.7,1.91,0.69,,,4.1,-0.16,,1,5,-0.02,-11.1,-13.9,-13.4,4.1766764709,11,40,12
Atlanta,New Orleans,-9,-8.54,-9.7,-14,-4.54,-9.21,,-7,-13.5,-6.28,1,-13.51,-16,-8.27,-8.55,-11.86,-6.18,,-12.53,,-12.57,-2.6,-10,-9,,-8.45,-7.97,-9.31,-8.2,-7,-17.3,-9.7,-7,-11.17,-11.5,1.11,,-9.15,-12.76,-9,-9.23,-14,-9.5,-7,-6.94,-19.5,-2.2,-10.21,-14.06,-10.5,-8.5,-15,-4,-10,-16,-12.45,-11.5,-5,,-16.9,-7.82,1.48,,,-18,-2.07,,-5,-15,-10.76,-1.5,-0.1,-0.8,5.0799689367,17,13,12
Baltimore,N.Y. Jets,4,10.21,7.08,5,14.31,7.86,,10,9.25,15.43,15,4.15,0.86,8.44,8.49,7.65,6.89,,9.99,,9.66,15.66,17,4.5,,7.96,8.92,11.7,5,3,9.1,7.6,11,4.93,6.7,13.5,,8.43,-0.94,4,8.2,7,8.9,7,2.87,15.3,4.82,8.68,9.8,11.5,3.5,4,13,1,9,11.15,0.5,7,,7.5,9.64,5.05,,,14.2,3.33,,13,5,3.98,11.5,12.6,11.5,3.9417372379,3,19,12
Cleveland,Pittsburgh,1,2.17,0.52,2,0.96,2.19,,0.01,7,1.28,-1,-0.13,7.22,1.4,1.61,0.17,2.1,,1.16,,1.15,5.47,3,1,,2.12,2.68,1.53,3.9,2.5,-0.7,2.7,3,2.93,0.6,5.8,,1.05,-0.69,1,1.9,4.9,2.6,1,0.01,-1,2.52,1.25,2.2,1.5,2,-5,3,1,4,4.9,-1.5,3,,-1.5,1.41,4.22,,,8.2,2.84,,2,7,1.13,1.1,1.8,0.9,2.3417813546,27,11,12
Detroit,Tampa Bay,7.5,9.87,6.28,11,6.99,8.34,,8,10,11.36,1,5.57,6.53,13.26,7.52,7.11,6.22,,7.26,,7.41,6,10,7.5,,7.43,10.57,9.04,5.7,9.5,7.2,7.1,7,7.74,6.9,5.49,,10.55,10.5,9,7.63,11.4,9.1,8,4.9,7.3,6.27,10.21,5.23,6,11,8,6,7,9,8.35,10,8,,5.7,10.28,4.72,,,14.2,8.79,,5,4,8.03,8.2,9.6,8.2,2.4046002568,24,21,12
Green Bay,Minnesota,5.5,10.73,13.17,12,9.58,8.88,,7,9,6.01,-6,7.04,13.93,4.75,8.76,5.21,7.58,,11,,11.25,10.25,9,6.5,,9.15,10.39,10.95,9.5,5,10.9,10.5,7,10.31,3.4,8.41,,11.01,6.91,5,9.17,14.6,9.6,8,10.64,3.9,7.56,2.31,10.45,14,4.5,5,7,1,13,11.35,7,10,,9.2,2.55,4.27,,,18.5,11.25,,7,5,8.81,6.9,6.7,6.8,3.9483165655,26,26,12
Houston,Jacksonville,10,14.21,8.09,10,10,10.7,,10,9,13.82,7,11.41,7.09,15.96,8.11,9.71,9.23,,12.26,,12.05,7.44,12,10,,11.46,16.21,12.63,11.6,10,11.6,9.9,10,7.38,4.7,9.41,,13.7,5.61,10,10.18,18.8,7.8,13,6.41,7,10.35,13.85,11.41,12.5,7,10,6,7,11,12.4,7.5,11,,9.8,13.8,8.16,,,18.4,9.78,,6,10,9.65,13,13.4,13.6,3.072141963,13,6,12
Kansas City,San Diego,4,8.8,6.13,11,5.37,8.3,,5,4,10.61,3,8.82,9.48,12.49,10.03,7.95,7.86,,10.15,,10,12.37,3,5,,5.03,9.05,8.41,7.6,4.5,9.8,10,9,11.54,7.7,5.63,,2.63,15.09,5,8.08,8.7,10.2,3,6.56,6.5,5.47,6.31,10.55,9,7.5,9,5,6,14,10.45,10,5,,8.2,6.22,2.65,,,11.4,6.52,,6,21,9.77,6,7.4,6.7,3.1946118462,41,38,12
Miami,Carolina,-5,-2.27,-8.42,-5,-7.82,-4.74,,-4,-6,-4.05,-1,-3.72,-1.55,-3.94,-5.87,-6.75,-3.25,,-8.21,,-7.82,-11.36,-7,-5,,-4.44,-1.01,-4.15,-1.7,-3.5,-10.5,-4,-6,-6.43,-5.5,-3.96,,-3.85,-5.77,-4.5,-4.44,-7.9,-4.8,-3,-1.94,-9.2,0.66,-9.53,-8.93,-8,-5,-4,-7,-3,-6,-7.9,-5,-2,,-10.7,-2.55,3.91,,,-11.5,-3.16,,-6,-4,-4.43,-4.3,-4.9,-4.6,2.8860053574,20,16,12
N.Y. Giants,Dallas,3,-1.43,8.31,-2,-0.2,-0.19,,1,7,1.04,6,-1.42,3.88,2.14,-2.49,-0.38,-0.9,,-3.27,,-3.81,5.47,2,2.5,,2.01,-0.26,-2.82,-2.3,3,-7,-1.8,-3,0.84,3,9.18,,3.09,-1.68,3,-0.81,-0.9,0.3,2,-2.09,-2,2.57,-0.94,-3.39,-2.5,1,-6,1,-3,-3,-4.1,-0.5,-1,,-7.4,-0.72,2.58,,,-8.4,2.6,,1,3,-2.51,-0.9,-2.6,-1.5,3.5076916727,24,21,12
New England,Denver,-3,-0.43,-1.81,-2,2.03,-1.88,,-1,4.75,-2.1,1,-1.38,0.74,-0.98,0.26,-4.51,0.52,,-4.27,,-4.31,-1.7,-1,-3,,-3.84,-1.67,0.32,-2.6,-3,-7.8,-4.2,-3,-2.84,-1.5,-0.96,,-6.78,-6.53,-1,-1.9,-5,-2.1,-2,2.95,0.8,0.68,-2.22,-4.34,-4,0.5,-7,-1,-5,-5,-3.1,-0.5,1,,-8.1,-2.82,2.94,,,-7.1,-0.27,,-2,-3,-4.45,-0.7,-3.3,-1,2.7659015123,31,34,12
Oakland,Tennessee,-3,0.25,0.31,-1,-3.57,0,,1,-3,-0.19,-1,0.59,3.04,4.43,-0.84,1.32,0.24,,-1.94,,-2.94,-12,-1,-2,,-1.15,1.27,-0.9,0.9,1.5,-4.3,-0.1,-2,-0.87,1,2.46,,-1.54,-0.04,-1,-0.16,-1.7,1.9,-1,0.68,1.4,1.06,-4.6,-3.51,-3,1.5,-3,1,-1,-3,-2.4,6,-1,,-4.9,2.59,0.66,,,-5.6,0.6,,1,6,-0.61,-0.5,-0.6,-0.2,2.4141084169,23,19,12
St. Louis,Chicago,1,-0.69,-3.7,-1,-5.34,-0.32,,1,1.5,-1.84,-4,0.48,-4.11,-1.94,1.39,2.35,1.69,,1.92,,1.86,-7.1,0.01,1,,0.6,-0.91,-0.62,2.6,0,-1.5,0.9,1,1.77,0.01,-8.22,,-0.72,-1.7,1,0.01,-3.2,2.3,-1,7.65,8.8,1.24,1.37,2.02,2.5,-3.5,1,-1,-2,-1,1.9,1.5,-1,,-2.3,-2.07,2.09,,,7.2,1.39,,-2,-9,-1.9,-0.6,0.5,0.7,3.1771324507,21,42,12
Washington,San Francisco,-6,-4.87,-1.72,-9,-6.02,-6.87,,-6,-14.5,-10.22,-10,-9.1,-11.54,-10.97,-5.8,-7.08,-3.74,,-10.86,,-10.6,-8.16,-9,-6,,-5.46,-3.96,-6,-5.3,-4,-12.4,-6.7,-7,-8.12,-6.7,-6.1,,-7.09,-5.93,-6,-6.7,-6.3,-5,-3,-7.18,-12.4,-1.07,-8.38,-12.3,-7,-6.5,-4,-6,-4,-12,-10.3,-8.5,-6,,-12.4,-5.58,0.71,,,-13.7,-3.88,,-6,5,-7.16,-8.3,-8.8,-9.1,3.6551000018,27,6,12
Baltimore,Pittsburgh,3,6.68,3.85,4,9.57,4.18,,3,9.5,5.98,8,2.21,0.07,3.57,4.79,0.74,4.18,,4.73,,5.06,8.77,8,3,,4.29,6.02,7.16,5.2,2.5,3.27,5.07,6,4.14,0.2,3.64,,4.89,0.61,3,4.31,3.2,5,5,2.64,1.1,4.74,5.67,4.76,4,1.5,2,6,1,5,5.25,4,3,,2.1,4.14,5.57,,,9.3,4.79,,6,5,2.87,5.7,5.3,5.4,2.1761472293,20,22,13
Buffalo,Atlanta,3.5,5.82,11.6,6,4.14,4.43,,4,6,10.67,4,4.98,1.03,6.17,5.52,5.04,5.03,,4.38,,4.42,7.58,5,3.5,,3.82,5.44,6.04,3.9,3.5,5.09,3.47,4,5.32,6.9,-4.21,,2.09,5.62,3.5,4.29,3.5,6.1,1,2.25,9.2,1.99,0.63,1.32,5,4.5,4,1,4,7,4.8,6,1,,3.8,3.08,2.77,,,7.9,3.45,,1,4,2.42,4.2,4.1,5.2,2.5540803747,34,31,13
Carolina,Tampa Bay,7.5,16.32,10.89,13,11.79,12.99,,10,14.5,16.94,1,10.05,16.4,15.94,14.18,10.93,10.27,,15.56,,15.28,15.96,16,9,,12.27,15.15,17.61,9.7,8.5,15,12.17,17,13.97,9.1,13.89,,15.17,10.93,9,13,13.1,13.8,10,11.4,13.6,6.72,13.04,15.06,14.5,11.5,8,13,8,18,16.4,8,11,,13,10.93,4.67,,,20.2,11.04,,13,9,10.93,11.3,11.8,11.8,3.4453482554,6,27,13
Cleveland,Jacksonville,7,9.11,4.46,8,8.47,8.61,,6,11,11.78,3,5.26,3.97,8.52,9.1,4.96,9.03,,9.34,,9.55,1.29,12,7,,8.64,7.71,10.45,8.4,7,11.91,6.87,7,6.59,3.2,11.13,,13.87,0.95,7,8.58,8.4,5.8,10,-0.24,4.2,9.9,6.51,9.76,11.5,6,-9,7,7,12,11.95,4.5,10,,10.1,10.79,6.68,,,14.2,10.58,,7,19,7.58,10,10,9.9,4.0434107195,32,28,13
Dallas,Oakland,9,14.27,7.43,11,11.16,9.93,,12,11.5,11.67,7,7.71,14.27,9.75,7.93,9.54,6.32,,11.74,,12.14,10.06,12,9,,10.82,14.48,13.92,8.2,8.5,7.82,10.87,10,9.04,8.1,4.6,,7.5,6.86,10,10,7.3,12.5,6,6.47,14.7,5.95,16.05,11.1,9,11.5,8,6,2,13,12.65,15,10,,6.3,13.35,4.77,,,20,5.5,,7,11,8.41,10,11.5,9.7,3.4536969633,24,31,13
Detroit,Green Bay,7,4.27,2.57,4,-0.25,3.74,,4,7,7.89,12,4.31,4.08,10.38,2.38,4.74,2.49,,2.65,,2.39,0.53,3,6,,4.27,4.61,3.75,3,4,-0.08,2.37,3,3.61,7.5,2.3,,1.92,2.42,6.5,3.31,0.4,5.1,2,1.27,7.9,2.55,8.59,1.57,-0.5,11,4,-1,5,4,2.7,4.5,1,,-0.9,8.7,2.2,,,9.4,2.32,,1,1,1.66,4.2,5.8,5.2,2.9737855274,10,40,13
Houston,New England,-9,-7.89,-3.67,-12,-12.82,-8.94,,-8,-9,-11.83,-4,-8.25,-15.01,-16.59,-6.55,-11.12,-3.82,,-9,,-9.36,-7.58,-12,-9,,-8.9,-8.16,-7.81,-5.1,-7,-12.45,-6.43,-7,-10.11,-10.5,-1.95,,-6.3,-8.71,-9,-8.85,-2,-10.1,-3,0.31,-16.3,-1.33,-5.79,-11.38,-8,-9.5,-20,-8,-10,-14,-11.35,-13.5,-5,,-12.4,-6.59,1.64,,,-16.5,-2.02,,-10,-26,-9.11,-8.4,-7.4,-8.8,5.1668292529,34,31,13
Indianapolis,Tennessee,4,6.72,1.14,6,1.66,4.52,,5,6.5,2.8,6,4.36,7.54,4.37,2.85,2.64,2.92,,3.68,,3.3,-3.51,4,4,,4.39,7.37,5.9,6.1,4,0.82,5.17,3,5.7,1.8,2.42,,3.78,4.26,4,4.38,4.3,6.9,3,5.94,-1.7,6.09,5.17,3.47,1,7.5,-2,4,-1,7,5.05,0.5,6,,-0.1,4.17,4.01,,,11.4,4.7,,4,8,4.39,6.3,6.6,6.3,2.6416885433,14,22,13
Kansas City,Denver,-6,0.8,1.25,1,-3.89,-2.39,,-3,-2,-1.64,-7,-1.08,-7.76,-1.2,3.21,-3.88,3.81,,-2.44,,-2.42,-5.94,-9,-5,,-3.36,-0.91,1.84,-2.2,-3,-3.45,-1.23,-3,0.22,-2.1,-1.28,,-7.53,-0.87,-5,-2.43,-4.6,-1.2,-5,9.82,-6.4,-0.21,-1.52,-2.96,-6,-2,-5,-3,-2,-2,-2.45,-8,-3,,-4.1,-4.88,-0.23,,,8.2,2.89,,-4,-12,-0.72,-5.3,-4.2,-5.3,3.8581089749,35,28,13
Minnesota,Chicago,1,-0.92,-5.68,-5,-4.33,-2.55,,-1,-4,-0.28,3,-2.53,-6.85,-0.71,-0.94,-1.02,-0.41,,-2.14,,-2.67,-8.53,-1,0,,-0.71,-1.23,-0.81,-0.9,1,-6.45,-2.23,-3,-3.1,-0.3,-8.05,,1.1,-5.93,1,-2,-2.7,0.01,-1,-4.79,-0.3,-0.99,0.33,-3.9,-1.5,-3.5,-11,-1,-2,-7,-2.05,-5.5,-1,,-6.2,0.78,2.12,,,-8.9,-0.55,,-2,-2,-4.95,-3.4,-3.7,-3.6,2.8075706278,20,23,13
N.Y. Jets,Miami,1,-2.09,2.61,-1,-3.65,-0.93,,-1,-3,-3.85,4,-3.07,4.06,4.53,-2.52,-2.36,-0.79,,-4.59,,-4.28,-2.35,-5,0.5,,-2.08,-0.67,-4.13,1.4,3,-6.73,-2.23,-1,-0.91,-2,4.37,,-0.18,1.47,1,-1,-0.9,-0.6,0.01,-2.56,-7.7,2.51,0.6,-6.15,-3,2.5,-11,-2,1,-4,-5.4,5.5,0.01,,-7.2,-0.91,1.34,,,-10.1,2.08,,-2,7,-2.37,-2.6,-4,-3.2,3.6685635756,23,3,13
Philadelphia,Arizona,3,0.58,-2.22,-2,0.2,0.5,,4,13.5,1.66,-1,0.57,-1.73,0.83,1.83,1.09,2.46,,0.86,,0.95,-4.78,3,2.5,,1.36,0.99,-0.02,-3,3,-0.36,1.17,-2,-1.11,-0.5,-6.38,,-0.02,-2.35,3.5,0.99,-3,1.3,2,-7.11,0.5,2.79,9.27,-1.9,2.5,1.5,1,-1,1,-3,0.1,4,4,,-1.3,3.01,2.36,,,-5.5,4.06,,1,-5,-0.79,1.5,1.4,1.2,3.360678883,21,24,13
San Diego,Cincinnati,1,1.93,-1.11,-3,-3.37,-0.93,,0.01,-5.5,0.44,-2,0.08,-4.73,0.09,-1.09,0.73,0.22,,1.81,,1.81,5.89,-5,1,,-0.23,2.29,1.33,0.9,-1.5,-4.45,1.37,1,0.55,-1.3,-6.81,,-3.73,1.95,0,-0.62,2.8,2.6,-3,7.17,-3.3,1.28,0.34,-2.62,-4,0.01,-2,-2,-2,-3,-1.55,2,0.01,,-5,-0.23,2.53,,,-6,1.29,,-1,-9,-1.2,-2,-1.3,-2.2,2.8722093037,17,10,13
San Francisco,St. Louis,8,11.07,5.24,9,12.77,9.21,,9,13.5,9.8,6,9.45,16.64,7.87,8.49,7.58,6.93,,10.3,,9.91,-0.28,9,8,,9.76,10.74,11.27,7.2,9.5,8.18,8.37,7,8.6,7.8,3.88,,10.89,5.22,10,9,8,9.6,10,6.06,6.6,7.05,13.35,9.16,8,11.5,4,4,2,13,10.6,8,12,,6.7,13.71,5.13,,,16.6,8.47,,3,7,6.63,12.3,12.2,12.3,3.1110092329,13,23,13
Seattle,New Orleans,5,7.35,6.69,6,12.38,4.6,,4,-4.5,6.32,4,4.51,-1.72,5.76,4.11,4.46,3.58,,5.31,,4.6,7,5,5,,4.93,8.76,6.15,3.5,4.5,2.64,3.87,6,5.31,2.5,23.84,,1.14,6.47,6,4.48,2.4,7.4,3,7.61,4.9,4.37,7.35,3.4,7,4.5,5,10,1,5,4.5,-3.5,3,,1.5,4.41,4.2,,,9.8,3.4,,10,-6,3.01,2.8,1.4,2.1,4.2671820527,7,34,13
Washington,N.Y. Giants,-1,0.53,7.62,0.25,-1.81,0.6,,1,-8.5,4.07,-4,-1.4,-3.67,3.21,2.7,-1.4,2.61,,-1.11,,-0.58,5.9,0.01,-1,,-0.46,-0.6,1.56,0.6,-2,-0.73,-1.23,-3,-0.63,-1.4,13.19,,-2.26,-1.99,-1,0.23,0.8,0.2,3,1.37,-0.9,2.41,-0.02,-0.81,3.5,-1,-2,4,-2,-1,0.95,-5,2,,-1.6,2.14,3.17,,,7.3,5.71,,3,-2,-2.56,1.2,1.4,1.7,3.377169356,24,17,13
Arizona,St. Louis,4.5,4.93,6.42,6,8.29,4.82,,3,2,5.66,6,4.09,7.04,5.32,4.7,2.24,4.13,,4.87,,4.73,6.45,0.01,4.5,,5.67,4.3,5.65,7.3,7,3.25,5.36,4,5.72,4.4,1.84,,6.95,4.26,6,4.94,6,5.9,4,5.14,-0.1,3.74,2.9,4.2,2.5,8,-5,1,1,7,4.95,6,5,,2.1,6.54,2.37,,,10.5,6.09,,3,6,4.74,2.9,3.3,2.9,2.4654773264,10,30,14
Baltimore,Minnesota,7,7.35,9.5,8,9.44,8.13,,7,12.5,12.34,9,7.78,13.04,11.49,7.72,5.94,6.88,,8.18,,8.35,3.73,11,7,,7.65,5.6,9.16,7.9,7,9.17,7.86,7,8.22,7.6,3.96,,7.93,5.05,7,7.88,8.4,8.6,7,6.39,10.8,6.55,6.8,8.11,8,8,6,5,3,9,7.55,5,8,,7,7.02,4.72,,,12.1,7.49,,6,7,6.64,11,11.2,11.9,2.1879707414,26,29,14
Chicago,Dallas,-1,-2.28,2.82,-1,1.34,0.14,,0.01,7,3.17,3,-1.75,-2,5.49,1.2,-1.83,1.5,,-2.37,,-2.03,-1.61,4,-1,,-1.11,-3.12,-1.45,-0.7,-1.5,-1.92,-1.74,-3,-0.73,-0.6,-1.34,,1.64,-4.18,0,-0.68,-1,-1.3,3,1.55,-0.3,3.76,-0.09,-1.81,-1.5,0.01,1,1,-2,-1,-1,-1,1,,-2.7,2.01,3.82,,,-8,4.53,,1,-4,-2.5,2.7,1.4,2.4,2.7437335252,28,45,14
Cincinnati,Indianapolis,7,5.77,6.55,4,11.41,6.59,,9,11,8.66,2,4.55,13.88,10.42,7.09,6.12,5.97,,3.35,,3.4,10.62,14,7,,5.3,5.47,6.06,2.8,5.5,6.42,2.66,4,3.66,8.6,9.71,,9.86,-2.49,6,6.03,4.1,5.7,8,-4.32,19.4,2.16,8.33,4.64,8.5,4.5,5,9,1,5,5.7,10.5,6,,5,9.84,2.21,,,10.6,5.11,,8,7,1.27,8.4,8.5,8.4,3.8045103665,28,42,14
Denver,Tennessee,14,13.32,10.72,18,15.44,13.66,,14,11.5,13.57,4,12.97,9.89,14.81,9.01,13.46,8.16,,14.53,,14.41,15.94,19,14,,13.97,13.35,13.29,12.2,12.5,13.5,13.86,13,13.49,12,17.83,,15.87,11.6,13,13.72,12.6,14.1,11,3.94,20.5,9.21,15.26,14.27,15.5,13,13,15,7,19,15.1,16.5,12,,11.5,15.69,5.64,,,25.7,10.9,,15,20,10.85,16,16.4,16.4,3.956921578,28,51,14
Green Bay,Atlanta,3,4.21,6.67,6,6.8,4.23,,2,0.5,7.43,-4,3.67,-0.93,4.54,6.59,0.41,5.96,,3.62,,4.22,5.04,5,3,,5.65,3.82,4.6,4.5,5,6.58,5.66,4,4.16,-1.9,7.97,,4.29,2.04,3,4.54,5.3,3.4,5,1.24,-3.5,6.04,5.26,3.25,8.5,1,4,6,-1,6,4.6,0.5,6,,5.3,1.33,3.3,,,12.3,8.14,,6,3,5.28,2.7,2.2,2.5,3.0678914436,21,22,14
Jacksonville,Houston,-3,-1.7,-7.79,1,-14.91,-1.99,,2,-0.5,-10.32,-12,-2.04,6.55,3.29,-1.03,2.88,-1.13,,-2.22,,-2.68,-15.26,-1,-3,,-2.74,-3.09,-0.13,-2.5,-3,-6.08,-1.34,-3,0.85,6.5,-15.33,,-4.92,2.19,-3,-2.47,-10.2,4.8,-6,-2.01,4.7,-4.35,-3.53,-3.43,-4,2.5,-6,-8,-1,-3,-2.6,4,-3,,-6.5,-2.44,-2.16,,,-7.8,-3.88,,-7,-3,-1.2,-2.8,-2.2,-3.1,4.6881598926,20,27,14
N.Y. Jets,Oakland,3,-4.13,1.56,3,0.04,0.46,,2,1.5,-0.17,6,-1.75,-1.81,3.86,-0.47,-2.25,0.47,,-1.73,,-0.94,-2.59,1,2.5,,1.69,-5.86,-2.2,2.7,3,-3.83,0.26,-1,2.65,-1.1,-0.76,,3.64,2.76,3,0.06,-0.5,1.6,3,-2.69,-3.7,4.45,0.09,-1.5,-2,3,-4,-1,-1,1,-0.65,5.5,3,,-4.5,3.12,4.38,,,-5.9,2.42,,-1,5,-0.01,0.5,-1.3,0.01,2.8595540088,27,37,14
New England,Cleveland,10.5,15.88,9.95,16,13.58,13.06,,15,21,18.21,13,15.27,8.06,17.38,10.38,13.59,8.39,,14.15,,14.58,7,15,11,,12.33,17.66,14.46,12.4,10.5,11.58,12.96,17,14.67,11.5,16.87,,8.46,11.06,11.5,13.59,10.9,15.2,9,14.71,16.8,7.78,14.74,14.71,12.5,15,15,13,7,17,15.4,13,12,,9.8,13.67,5.83,,,22.9,6.9,,12,11,10.84,14.7,13.5,15.3,3.5670152948,26,27,14
New Orleans,Carolina,3.5,-2.97,3.51,0.25,4.45,1.35,,1,-1,4.98,11,-0.98,4.89,7.25,-0.53,-1.38,0.34,,-1.44,,-0.78,10.52,0.01,3.5,,2.71,-4.58,-1.67,2.3,3.5,-2.83,1.16,2,1.6,-2.4,7.45,,0.49,0.77,3.5,1.38,2.8,0.4,2,0.43,-7.3,5.16,0.24,-2.2,0.5,3.5,7,2,2,1,-0.95,1,4,,-3.5,2.13,5.07,,,-7.1,2.49,,3,7,0.3,1.8,2.5,1.9,3.4821941225,13,31,14
Philadelphia,Detroit,3,2.11,-2.7,3,-2.55,1.69,,3,6,-0.76,-7,2.49,0.09,-0.73,2,4.45,2.31,,3.77,,3.9,-6.58,0.01,3,,2.44,1.55,2.65,1.9,2.5,-0.67,4.36,3,3.29,4.3,-5.2,,-3.53,3.4,3,2,0.5,6.2,-1,4.34,3.6,1.65,0.1,2.37,2.5,1.5,4,-1,1,4,2.3,9,2,,-1.5,1.36,1.23,,,8.6,3.52,,1,2,2.24,-0.5,0.4,0.1,2.9329516728,20,34,14
Pittsburgh,Miami,3.5,1,-0.16,-1,0.39,1.87,,5,1,2.78,8,0.66,7.59,4.9,1.83,2.51,2.23,,-0.34,,-0.45,-4.42,2,3.5,,1.99,1.22,0.78,0.6,3.5,-0.58,0.26,3,0.36,3.3,-1.43,,2.25,-1.85,3,2,2.1,1.4,3,-1.19,3.6,2.59,2.6,-1.49,1.5,5,1,1,1,-1,-0.85,5,4,,-1.5,4.79,0.82,,,-5.7,2.58,,1,6,-1.11,2.1,2.4,2.2,2.4177457444,34,28,14
San Diego,N.Y. Giants,4,4.89,7.41,4,0.04,4.73,,4,0.01,9.53,-4,4.78,0.83,7.35,6.73,2.74,5.43,,6.41,,6.82,5.26,2,4,,6.11,3.17,6.62,7.7,3,6.17,4.66,3,4.44,2.5,4.44,,5.4,0.51,3,4.85,8.5,5.7,3,10.4,5.4,2.95,3.12,6.02,5,3,11,6,1,5,7.25,2.5,6,,4.8,4.36,3.74,,,12.8,7.83,,6,-4,2.03,7,7.3,7.3,3.1594490596,14,37,14
San Francisco,Seattle,3,0.81,-0.14,-4,4.28,-0.44,,1,3,-2.66,1,0.48,7.06,-3.14,0.83,-0.11,1,,-1.58,,-1.24,-6.96,-1,2,,1.6,1.42,0.1,-2.4,2.5,-3.5,0.26,-3,-1.34,0.1,-1.59,,0.04,-7.42,3,-0.12,-3.3,-1.2,0.01,0.99,2.8,1.19,-3.25,-1.27,-2,1.5,-3,-2,-7,-3,-0.75,1.5,1,,-4.1,0.24,1.41,,,-5.3,-0.25,,-1,-5,-2.24,3.1,3.4,3.2,2.6452230818,17,19,14
Tampa Bay,Buffalo,3,3.43,1.98,2,4.76,2.99,,4,7.5,3.1,3,3.55,0.06,5.89,0.96,5.02,1.48,,4.27,,3.98,7.48,1,3,,3.76,2.82,4.03,4.4,2.5,-1.33,4.16,6,3.44,4.7,-0.13,,-0.53,-0.62,3,3.42,4.3,5.9,1,2.76,4.4,3.33,1.64,3.95,5,3,-3,3,-2,4,4.2,12,4,,-2.2,3.41,1.01,,,9.6,-0.68,,4,4,1.38,2.6,3.4,2.9,2.694888741,6,27,14
Washington,Kansas City,-3,-9.09,-3.41,-10,-1.3,-6.31,,-3,5.5,-13.04,6,-8.24,-7.33,-11.22,-6.82,-6.06,-4.28,,-10.31,,-10.52,-12.09,-1,-3.5,,-4.87,-9.02,-9.27,-7,-3,-13.75,-8.14,-9,-8.96,-5.3,2.77,,-6.19,-9.68,-3,-6.35,-8.5,-6.6,1,-10.16,-5.8,-0.01,-5.9,-10.51,-6.5,-5,-15,-4,-6,-13,-9.55,-1,-2,,-13.6,-2.6,2.78,,,-14.6,-3.01,,-5,2,-9.47,-4.7,-6.1,-5.6,4.9051920598,45,10,14
Atlanta,Washington,7,7.41,-0.05,7,4.37,5.78,,8,2.5,6.16,3,5.44,1.7,5.54,4.78,6.7,4.59,,8.96,,8.58,5.73,8,7,8.37,8.47,8.68,8.54,8.3,3.5,4.69,6.57,7,6.69,4.6,-0.21,,9.85,3,6,6.2,8,7.1,3,6.6,10.2,2.31,6.19,8.59,5,5,4,5,1,6,9,9,5,,3.4,7,4.15,,,14.8,2.77,,5,6,3.67,6.2,5.7,6.2,2.6945631844,26,27,15
Carolina,N.Y. Jets,11,18.05,14.96,13,17.49,15.87,,15,20,26.66,4,14.02,7.58,17.89,15.68,14.49,11.61,,22.16,,21.34,7,20,12,19.55,20.98,24.3,24.07,11.7,10.5,18,15.67,23,15.19,13,24.49,,12.46,8.23,11,15.68,19.5,17.3,10,13.64,18.5,5.83,16.51,21.56,21,12,13,18,2,23,22.85,15,13,,15.7,14.32,3.75,,,24.1,7.94,,19,7,11.17,17.2,18.7,17.5,5.5886076343,20,30,15
Cleveland,Chicago,0,-1.87,-5.01,-4,-5.2,-1.98,,-3,-8,0.8,-1,-3.19,-5.57,0.5,-0.2,-3.11,0.6,,-1.33,,-1.92,0.44,-3,-0.5,-1.57,-1.8,-0.13,-1.32,1.6,1,-3.46,-1.83,-3,-1.61,-1.5,-5.66,,2.56,-2.86,0,-2.08,0,-2.2,0.01,-0.89,-4.4,0.34,-3.27,-2.4,1,-4.5,-8,-3,-2,-3,-1.45,-3,0.01,,-5.4,-0.1,2.49,,,-6.1,1.55,,-3,-3,-4.02,-2.8,-3,-2.4,2.4445930082,38,31,15
Dallas,Green Bay,7,8.38,4.68,6,3.37,5.87,,7,6,13.72,1,6.77,4.91,10.71,4.83,7.02,4.53,,7.63,,7.12,10.56,4,7,6.88,3.3,9.69,9.02,5.6,6,3.83,6.27,7,5.55,8.9,5.5,,1.85,4.36,7,5.6,1.3,10.4,0.01,3.31,10.7,1.67,5.12,5.16,4,10.3,1,3,4,7,6.45,10,4,,1.3,7.8,1.79,,,12.4,2.23,,3,7,4.17,7.1,9,7.6,3.1909485292,37,36,15
Denver,San Diego,10.5,14.23,8.23,17,14.12,11.98,,10,8.5,17.55,6,10.46,13.14,16.11,7.65,9.84,6.92,,13.59,,13.63,7,12,10.5,13.67,13.17,12.26,11.43,12,10.5,12.15,12.57,11,12.9,8.4,14.83,,12.71,10.95,10.5,12.3,11.5,12.7,9,4.67,8.3,8.68,14.78,13.35,18,10.8,18,14,4,19,13.7,8.5,10,,10.3,12.09,5.89,,,19,10.06,,13,15,9.72,12.3,12.4,12.9,3.4729570208,27,20,15
Detroit,Baltimore,6,5.66,7.72,4,4.69,3.73,,2,0.01,7.3,2,1.71,-1.23,7.27,3.19,2.16,3.04,,5.34,,5.22,8.24,1,6,5.08,5.86,6.02,4.37,3.7,5.5,1.62,3.97,3,3.76,1.4,0.45,,4.08,1.68,6,4,5.8,4.7,4,5.07,3.7,3.56,6.05,3.89,4.5,6.5,3,4,1,5,5.55,0.01,4,,0.5,4.78,1.75,,,8.4,5.8,,5,-5,1.69,2.1,3,2,2.4244873023,18,16,15
Indianapolis,Houston,6,17.99,6.6,14,4.42,9.36,,8,6.5,14.76,1,7.82,9.72,14.8,7.98,8.7,6.83,,10.62,,10.48,11.76,7,6,12.82,10.85,10.57,12.33,9.2,6.5,8.46,9.77,10,12.51,9.5,3.61,,5.73,7.48,6,9.2,3.7,12.7,2,4.82,6.2,6.53,7.07,10.21,11,10.5,7,8,4,16,11.65,6,7,,6.9,6.09,2.8,,,17.3,5.62,,7,11,10.34,8.8,9.5,9,3.7436447009,3,25,15
Jacksonville,Buffalo,-2,4.32,-5.83,-1,-7.85,-0.95,,1,1.5,2.71,-4,3.15,5.28,0.94,-2.17,2.1,-1.72,,-2.29,,-2.75,-6.12,-3,-2,-1.09,-2.17,-0.1,-0.32,-0.1,-2,-7.46,0.17,3,0.37,4.7,-6.02,,-5.01,-0.44,-2,-1.4,-5.1,0.7,-4,5.57,5.2,-3.08,-2.78,-3.78,-2,2.5,-5,-5,-2,-4,-3.55,6,0.01,,-7.9,-0.44,-1.05,,,-6.6,-3.71,,-4,-2,-1.32,-1.6,-0.8,-1.4,3.5407949377,27,20,15
Miami,New England,-1.5,1.78,-0.81,-3,-6.98,-0.66,,0.01,-1,-0.08,-6,0.89,-4.77,-2.32,0.48,2.13,1.04,,-0.64,,-1.17,-7.1,1,-1.5,0.16,-0.39,2,2.69,-0.5,-3,-3,0.77,3,-2,3.7,3.28,,-0.67,-6.23,-3,-0.69,-1,-1,-1,-1.84,8.1,-0.89,-1.41,-0.63,-0.5,-2.5,-5,-1,-1,-3,-0.9,1,-2,,-3.7,-0.18,1.12,,,4.3,-1.44,,-1,-10,-1.77,-1.4,0.1,-0.9,2.859764911,20,24,15
Minnesota,Philadelphia,-6,-4.51,-6.89,-6,-2.67,-4.26,,-2,-6.5,-1.31,-1,-5.99,-10.56,-4.86,-2.23,-4.67,-1.2,,-5.8,,-6.05,-7,-2,-6,-4.21,-4.54,-2.16,-2.78,-0.9,-3.5,-8.21,-4.53,-4,-5.59,-4.3,-7.37,,-0.47,-7.27,-5,-4.3,-6.7,-4.2,-1,-4.35,-7.5,0.24,-4.2,-6.46,-5,-6,-6,-2,-6,-11,-4.55,-2.5,-3,,-8.1,-2.27,4.3,,,-7.1,-0.57,,-2,3,-6.36,-2.3,-3.9,-3.1,2.9288641388,30,48,15
N.Y. Giants,Seattle,-7,-10.72,-3.44,-13,-5.77,-10.3,,-8,-2.5,-12.04,-1,-11.55,-12.11,-7.04,-9.18,-10.95,-6.13,,-14.61,,-14.44,-10.27,-14,-7.5,-13.29,-7.89,-12.59,-13.37,-10.6,-6.5,-17.08,-8.43,-13,-10.84,-7.9,-8.8,,-8.61,-10.93,-7,-10.29,-16.4,-10.2,-8,-9.88,-16.8,-2.29,-11.7,-16.55,-14.5,-7,-15,-8,-7,-17,-15.6,-4,-8,,-16.7,-7.39,-1.05,,,-17.8,-4.12,,-8,-6,-9.01,-10.9,-11.4,-11.9,4.2888346908,23,0,15
Oakland,Kansas City,-5.5,-9.13,-9.37,-10,-6.76,-7.99,,-7,3,-7.68,4,-9.66,-11.47,-4.07,-7.12,-8.22,-4.52,,-9.7,,-10.46,-15.58,-10,-6,-9.6,-4.74,-9.18,-10.1,-3.8,-3.5,-13.77,-7.53,-10,-9.94,-6.5,-7.76,,-6.73,-8.42,-5,-8.11,-9.8,-5.7,-4,-6.49,-14.2,-1.94,-10.43,-12.45,-8,-5,-6,-9,-8,-15,-11.2,-2.5,-5,,-13.6,-7.22,1.26,,,-12.8,-2.4,,-8,-2,-9.04,-8.5,-9.9,-8.9,3.981669319,56,31,15
Pittsburgh,Cincinnati,-3,-3.86,-2.51,-7,-2.92,-3.81,,-4,-2.5,-2.15,7,-3.72,-3.89,-5.34,-2.95,-3.43,-1.4,,-1.94,,-2.26,1.16,-5,-3,-5.21,-3.31,-5.31,-3.15,-3.7,-3,-7.54,-2.63,-3,-4.18,-2.1,-3.38,,-3.36,-0.77,-3,-3.7,-6,-1.7,-4,-0.4,-3.7,0.34,-4.22,-6.23,-5.5,-2.5,-3,-3,-1,-7,-5.9,-5.5,-2,,-7.9,-2.97,1.29,,,-9,-1.65,,-3,-6,-4.76,-6,-6.5,-6.1,2.5443878858,20,30,15
St. Louis,New Orleans,-7,-4.9,-3.85,-8,-2.63,-4.39,,-2,-3.5,-3.49,-5,-5.26,5.88,-2.09,-3.27,-3.72,-1.69,,-4.71,,-4.44,3.06,-3,-6.5,-4.69,-4.05,-3.85,-3.46,-4.1,-4.5,-8.15,-4.23,-3,-5.62,-5.5,-1.28,,-7.21,-7.41,-6,-4.5,-9.5,0.1,-5,-0.98,-0.8,-1.49,-5.97,-5.72,-4.5,-6.5,-16,-3,-13,-9,-4.9,-3,-5,,-8.5,-6.07,0.48,,,-7.3,-2.21,,-3,-13,-6.3,-5,-5.2,-5.6,3.4763484782,16,27,15
Tampa Bay,San Francisco,-6,-5.73,-4.72,-8,-7.2,-6.9,,-6,-7,-5.51,-6,-8.18,-11.16,-6.66,-5.64,-7.02,-2.74,,-7.27,,-7.23,-11.98,-9,-6,-6.73,-5.26,-7.77,-7.03,-1.9,-5,-10.46,-4.93,-7,-6.75,-4.1,-15.99,,-9.16,-7.84,-6,-7.03,-7,-6.4,-7,-7.14,-9.3,-2.44,-8.57,-7.84,-6,-7.5,-10,-8,-8,-10,-7.55,-0.5,-8,,-10.6,-6.44,-0.35,,,-9.5,-4.42,,-8,3,-7.05,-8.7,-9.7,-9.1,3.0130162597,33,14,15
Tennessee,Arizona,-3,-2.3,2.08,-4,0.97,-2.82,,-3,1.5,1.4,9,-5.72,0.08,0.07,-1.1,-5.45,0.12,,-3.06,,-2.56,3.99,-5,-3,-2.73,-2.63,-4.67,-3.51,-2,-3,-4.69,-2.33,-4,-3.14,-4.4,-1.02,,-2.39,-4.58,-3,-2.7,-6,-2.3,-1,-5.14,-15.3,2.25,-3.81,-5.37,0.5,-3,-4,-2,-5,-5,-3.5,-5.5,-1,,-5.3,-2.2,4.3,,,-5.8,1.34,,-1,-8,-4.25,-2.2,-3.3,-2.7,3.4668991012,37,34,15
Baltimore,New England,-1,0.15,1.65,-2,0.32,0.39,,1,3,3.29,1,-0.06,4.49,3.13,1.31,0.27,1.68,,-0.08,,-0.45,1.4,3,-1,,-1.2,-0.18,0.92,-0.5,2,-1.79,0.24,3,-1.57,4.1,6.2,,2.21,-2.54,1,0.24,-2.1,-2.3,0.01,-2.69,3.3,0.44,-2.11,-1.47,-1,-1.3,-7,2,-4,-2,-2.75,4,-1,,-2.5,2.26,1.52,,,-3.6,1.11,,2,-4,-1.25,1.2,2.5,1.4,2.5106393637,41,7,16
Buffalo,Miami,-3,-4.43,2.87,-4,-0.65,-2.51,,-2,-7,-6.65,6,-6.52,-9.86,-4.72,-0.47,-4.41,0.66,,-1.06,,-1.16,-2.21,-3,-3,,-2.55,-4.64,-4.35,-1.3,-2.5,-3.86,-2.56,-3,-2.82,-1.4,2.01,,-1.47,-0.31,-3,-2.8,-3.1,-2.9,-2,-2.08,-6.8,1.29,-1.55,-3.79,-3.5,-2.8,-7,-1,-4,-5,-3.35,1.5,-2,,-4.5,-1.18,2.41,,,-5.4,-0.47,,1,3,-4.44,-2.8,-2.9,-3.1,2.9731576969,0,19,16
Carolina,New Orleans,3,5.98,6.61,3,7.21,3.26,,4,11,6.33,-1,3.84,0.51,7.08,5.29,1.82,4.49,,3.42,,3.19,13.61,3,3,,4.1,6.83,4.86,2.3,3,3.21,3.24,6,4.08,3.3,13.57,,1.52,-0.47,3,3.24,-0.3,4.2,1,3.77,1.5,0.84,1.46,4.05,3.5,3.5,4,7,-1,4,4.45,4,2,,2.1,0.79,0.93,,,7.1,2.67,,6,-4,1.77,2.4,1.7,1.8,2.892976142,13,17,16
Cincinnati,Minnesota,8,10.76,13.97,13,10.91,10.49,,8,14,15.77,0.01,8.79,14.88,16.13,9.68,6.02,8.67,,10.72,,10.77,16.25,8,8.5,,11.4,9.53,11.66,10.5,7,11.48,9.34,10,11.19,6.3,14.12,,11.31,5.15,8,10.77,14.2,13.6,8,8.86,4.9,7.47,11.03,11.37,12,10.8,10,10,4,17,12.2,4.5,11,,9.4,10.22,3.86,,,17.5,10.23,,10,7,8.27,12,12.1,12.3,3.4321564709,14,42,16
Detroit,N.Y. Giants,9,7.29,13.66,7,6.64,7.57,,5,8,9.39,-4,7.03,10.53,6.67,9.57,4.14,7.61,,8.49,,8.61,12.07,9,9,,6.89,7.4,9.01,8,9.5,10.21,6.34,5,6.05,5.1,13.09,,9.14,2.02,9,7.95,8,6.1,7,8,9.7,4.31,6.15,8.92,9,9,10,9,5,11,8.95,3.5,7,,8.5,7.95,3.83,,,12.2,9.28,,9,3,4.76,9.9,10.2,10,2.8643070221,23,20,16
Green Bay,Pittsburgh,1,2.21,3.28,5,5.01,1.33,,-1,-10,1.88,-7,-2.66,-8.15,4.72,3.14,-3.79,3.16,,1.24,,2.08,3.88,0.01,1,,5.02,0.72,0.36,3.4,2.5,1.09,3.84,3,3.53,-5.4,7.01,,-0.06,0.6,1,2,1.5,2.5,2,4.62,-10,5.75,0.4,1.76,4,-1,4,1,2,4,3.4,4,3,,0.1,-2.11,5.12,,,6.9,4.7,,2,-4,2.62,2,1.2,0.8,3.9285824434,38,31,16
Houston,Denver,-10,-14.76,-10.15,-19,-10.77,-12.96,,-10,-6.5,-21.01,0.01,-13.26,-18.42,-18.62,-8.68,-12.22,-7.23,,-14.51,,-14.71,-11.48,-16,-10.5,,-10.97,-14.5,-13.53,-7.9,-9.5,-19.36,-11.36,-14,-13.26,-10,-10.22,,-13.71,-13.68,-10.5,-13.26,-7.5,-13.9,-6,-7.66,-17,-3.65,-14.2,-15.89,-17.5,-12,-25,-14,-13,-23,-15,-11.5,-10,,-18.8,-11.64,1.58,,,-21.1,-3.46,,-14,-10,-12.31,-14.1,-14.1,-14.5,5.3431396474,37,13,16
Jacksonville,Tennessee,-4,-3.59,-9.84,-4,-12.69,-4.2,,-1,1.5,-9.93,-7,-1.76,4.94,-7.28,-3.92,-3.27,-2.86,,-6.69,,-7.57,-7,-2,-4,,-5.7,-5.09,-6.47,-4.1,-5.5,-9.64,-3.76,-4,-2.96,-2,-11.31,,-7.72,-0.72,-5,-4.1,-9.6,-0.9,-5,-3.1,-2.1,-4.79,-3.08,-7.43,-7.5,0.5,-6,-7,-2,-8,-7.1,0.5,-1,,-9.9,-4.21,-0.95,,,-11,-4.1,,-7,5,-4.79,-3.9,-4.6,-4.3,3.7347238344,20,16,16
Kansas City,Indianapolis,7.5,7.83,3.78,6,4.62,6.27,,7,-3.5,7.66,-1,8.53,3.51,5.38,8.77,7.1,7.57,,8.85,,9.1,1.15,10,7.5,,7.77,9.05,7.57,3.3,6.5,9.93,6.54,5,5.89,7.1,2.87,,6.22,3.85,7,6.88,2.9,7.7,4,6.88,14.3,2.91,7.92,8.08,8,5.2,7,7,3,9,8.25,6,6,,8.3,6.91,1.39,,,11,5.59,,5,-5,4.85,7.3,8.4,7.7,3.2752142376,23,7,16
N.Y. Jets,Cleveland,1.5,5.03,2.17,4,-0.38,1.92,,3,6,1.57,7,2.67,-2.12,6.66,0.56,1.91,1.17,,0.69,,1.21,0.89,-2,1.5,,1.7,3.16,-0.23,2.8,1,-2.36,2.44,3,3.83,2.6,5.29,,2.59,4.37,2,1.64,-0.1,4.3,1,0.28,0.9,3.4,1.64,-0.16,-0.5,4.2,-2,1,1,1,-0.2,2.5,1,,-3.1,2.3,2.3,,,3.1,2.57,,1,5,2.14,-1,-1.6,-0.5,2.3377231272,13,24,16
Philadelphia,Chicago,3,4.34,-5.29,2,-4.24,2.81,,3,6,3.24,-1,3.88,13.25,3.88,3.07,1.39,3,,4.09,,4.01,-2.05,2,3,,2.97,4.41,2.57,2.3,4,1,3.34,3,3.41,3.4,-5.45,,2.05,1.66,3,3,2.6,7.2,1,3.8,1,1.77,2.85,2.42,4,3.5,4,-1,2,4,3.1,5.5,4,,0.01,3.47,0.82,,,7.4,3.96,,1,1,1.69,0.4,1.6,1,2.8605919973,11,54,16
San Diego,Oakland,10,12.98,9.3,11,8.69,11.92,,15,11.5,10.06,4,14.96,21.85,9.01,9.17,14.43,7.47,,13.49,,13.37,6.53,19,10,,12.79,13.31,13.51,10.5,7.5,10.29,10.94,11,11.45,16.2,0.39,,11.68,4.48,10,11.45,11.2,12,8,12.78,25.6,5.47,16.64,13.19,8,10.3,14,10,3,15,13.4,20.5,11,,8.6,14.51,5.09,,,16.9,5.85,,9,7,8.57,15.1,15.8,15.1,4.6484118501,13,26,16
San Francisco,Atlanta,14,18.32,10.49,16,12.1,14.93,,13,15,18.6,5,18.52,10.07,15.91,13.13,17.39,10.38,,17.59,,17.22,9.27,19,14,,16.46,19.67,18.36,11.7,10.5,15.29,14.44,20,15.32,17.7,11.48,,13.53,10.63,13,15.14,15,14.1,10,14.95,28.2,7.76,19.84,17.31,16,15,12,12,7,21,17.3,17.5,13,,13.2,15.14,4.13,,,22,9.52,,11,4,12.13,19,20.4,20.4,4.7242870466,24,34,16
Seattle,Arizona,10,11.69,12.04,11,21.7,10.54,,11,18,14.76,14,9.91,5.41,13.05,8.95,8.98,7.83,,12.22,,11.72,7,15,10,,11.18,12.13,11.08,8,9.5,9.86,8.84,12,10.68,8,18.54,,8.86,7.56,10.5,10.49,9.8,10.4,9,8.06,12,8.12,10.79,10.49,13.5,8,7,14,5,13,11.1,6.5,10,,8.2,10.11,7.35,,,15,7.54,,14,7,6.95,12.2,11.6,11.9,3.2679621751,17,10,16
St. Louis,Tampa Bay,4,8.55,5.27,7,4.67,6.25,,7,3,6.4,-3,6.15,10.9,10.29,6.26,7.55,5.15,,7.1,,7.37,7.06,10,4.5,,7.17,8.7,8.19,5.7,5.5,5.14,6.54,7,6.36,4.8,2.75,,6.77,3.89,5,6.26,4.9,5.9,5,7.74,10.6,4.39,4.47,6.9,6,5,4,5,2,9,7.55,7.5,4,,3.9,4.11,4.22,,,10.6,5.15,,5,2,5.24,6.2,7.5,6.7,2.4560656084,13,23,16
Washington,Dallas,-3,-4.89,3.28,-7,-5.99,-3.01,,-3,3,-4.47,2,-5.24,1.76,0.4,-2.83,-2.64,-2.04,,-6.06,,-6.15,-3.89,-4,-3,,-2.88,-5.24,-5.98,-3.8,-2.5,-8.79,-4.46,-4,-4.49,-0.7,1.72,,-2.99,-5.92,-3,-3,0.2,-5.1,2,-4.22,-2.4,1.98,-1.96,-6.18,-3,-4.3,-5,-3,-5,-9,-6.05,1,-3,,-9.1,-0.31,2.76,,,-10.7,1.4,,-3,-4,-6.68,-2.7,-3.2,-2.7,3.3628841982,24,23,16
Arizona,San Francisco,1.5,0.92,2.14,-1,0.77,0.05,,1,-6,0.43,-1,-1,2,0.76,-0.48,0.42,0.45,,-0.16,,-0.32,-2.78,-1,1.5,,-1.9,-1.89,2.2,4.1,-1.5,-3.87,-0.46,1,0.75,2.5,-4.7,,1.26,-0.18,-1,0.42,0.6,2.8,-2,2.4,2.9,-0.31,-3.88,-1.02,-0.5,0.5,-2,1,-3,-1,-0.4,5,-2,,-4.5,-1.47,0.23,,,-2.6,0.59,,1,4,-0.63,-3.1,-2.7,-3.1,2.3514892141,23,20,17
Atlanta,Carolina,-6,-8.95,-9.58,-11,-7.36,-7.63,,-4,-9.5,-9.27,1,-8.64,-9.35,-9.83,-7.49,-7.34,-4.42,,-9.66,,-9.48,-11.13,-7,-6,,-5.49,-8.72,-8.81,-5,-7,-13.2,-6.76,-7,-9.47,-6.2,-10.06,,-6.08,-9.53,-6,-8,-10.4,-7.5,-4,-8.32,-5.3,-0.04,-6.17,-10.69,-9.5,-6.5,-10,-8,-6,-15,-9.95,-5,-4,,-13.1,-5.02,3.55,,,-13.8,-3.7,,-8,-6,-8.66,-8.3,-9.2,-9.4,3.3970994949,21,20,17
Chicago,Green Bay,-3,4.73,0.04,4,1.52,2.94,,4,15,-0.39,14,4.36,-0.88,-0.72,2.6,5.58,2.68,,3.84,,3.71,2.77,4,-1.5,,1.84,3.98,4.55,3.5,-3,0.28,4.34,4,3.22,5.7,4,,-0.03,1.34,-3,3.04,2.8,6.4,1,3.04,5.8,2.43,-2.25,2.42,-0.5,8.3,7,3,-1,4,2.85,2,-1,,-0.7,-1.87,2.61,,,8.3,1.37,,3,6,2.26,3.7,4.1,3.9,3.352431347,33,28,17
Cincinnati,Baltimore,7,10.87,11.45,8,11.04,8.89,,10,6.5,7.63,-1,9.81,11.42,7.09,8.8,9.09,6.93,,9.66,,9.51,7,10,7,,7.61,10.1,11.88,8.5,4,9.2,5.84,10,8.96,8.4,8.11,,8.75,1.44,7,8.8,7.9,10.4,7,6.28,20,3.92,5.9,10.93,12,7.5,7,11,1,13,11.75,7.5,8,,7.6,11.12,2.14,,,12.7,6.55,,11,7,5.29,10.8,11.5,11.1,3.2202824205,17,34,17
Dallas,Philadelphia,-7,1.28,-0.5,1,3.22,-1.12,,0.01,-4,-7.73,-13,-2.81,-9.75,-9.34,0.92,-3.06,1.16,,0.84,,0.94,-0.12,-3,-6,,1.16,-0.34,2.06,3.3,-2.5,-2.27,3.74,2,0.49,-4.7,5.28,,1.43,0.34,-7,0.01,-2.5,1.4,0.01,-0.78,-11.3,3.47,-2.31,-0.51,0.01,0.5,-4,1,-7,1,0.7,-3.5,3,,-3,-6.74,4.36,,,4.7,2.7,,1,2,0.67,-1.1,-2.2,-2.2,4.0728481813,24,22,17
Indianapolis,Jacksonville,11,18.18,9.09,15,12.31,13.26,,14,11,11.92,10,14.35,4.43,11.17,12.77,13.46,10.4,,16.38,,16.61,6.95,14,11.5,,15.07,17.18,18.61,14.7,11.5,15.47,13.24,16,14.45,12.2,7.33,,13.42,8.5,11,13.46,16.4,14.5,11,13.65,18.3,13.88,12.85,16.58,16,10.5,18,11,4,21,17.55,11,13,,13.4,14.24,7.96,,,20.7,9.91,,11,8,12.47,14.1,14.7,14.4,3.4872310827,10,30,17
Miami,N.Y. Jets,7.5,10.64,5.91,7,7.3,8.12,,8,14,8.06,6,7.88,15.03,6.61,8.07,6.75,6.37,,9.49,,9.11,9.06,10,7.5,,8.03,9.8,12.41,6.6,6.5,8,10.24,11,7.26,7.4,11.18,,5.21,2.1,6,8,10,10.7,4,9.24,6.9,3.49,5.13,9.95,11,6.8,11,9,1,11,11.25,10,8,,6.5,6.53,4.66,,,13,2.8,,10,2,5.75,10.2,10.2,9.9,2.9184842951,20,7,17
Minnesota,Detroit,-1.5,1.15,-1.38,-2,0.9,-0.8,,3,-7.5,2.15,-1,-0.49,-1.31,1.86,-1.35,3.04,-0.72,,-2.48,,-2.65,-0.73,0.01,-1.5,,-1.41,1.92,-0.11,-0.3,2,-6.76,-0.36,1,-0.16,5,-5.03,,-4.01,-1.77,3,-1,-7,2.2,-3,-1.02,2.7,-1.11,-2.99,-3.21,-0.5,-0.5,-5,-1,-4,-5,-2.2,6.5,-1,,-6.8,-1.15,2.53,,,-4.2,-0.51,,1,5,-2.73,-2.3,-2.6,-2.3,3.0953026586,13,14,17
N.Y. Giants,Washington,3.5,6.6,1.73,7,2.78,5.61,,8,8,4.35,6,6.22,0.18,3.59,3.21,6.83,3.26,,6.97,,6.49,5.16,8,4,,4.69,3.48,7.07,5.1,3,2.8,6.24,7,8.38,7.9,3.28,,7.68,6.67,3.5,6,6,8.9,2,3.88,9.8,3.59,4.01,5.35,4,6.7,1,6,3,7,6.4,9,5,,1.7,7.11,2.83,,,7.1,4.64,,5,8,6.06,5.9,6,6.2,2.2653484563,6,20,17
New England,Buffalo,8,11.95,7.79,13,15.12,11.08,,11,13,12.08,10,11.42,17.56,11.54,8.78,8.3,7.32,,10.09,,10.62,16.11,12,8.5,,11.06,11.67,11.78,9.8,7.5,9.47,10.44,11,12.06,6.5,14.09,,9.32,6.29,9,11.06,10.7,11.8,9,12.24,11.6,8.6,10.19,10.95,12,11.5,10,11,7,15,13.05,10,13,,7.9,8.71,5.47,,,15.7,6.79,,13,9,8.47,12.2,10.9,11.6,2.428834302,20,34,17
New Orleans,Tampa Bay,11,13.74,17.29,13,15.98,11.88,,9,4.5,12.95,12,10.24,5.87,12.99,11.11,8.9,8.41,,14.06,,13.95,7,12,11,,12.24,13.67,13.7,11,12.5,11.73,11.64,15,13.34,6.9,16.09,,15.86,10.54,13,12,14.6,12.2,11,12.2,7.9,8.88,8.65,11.93,13.5,11.6,13,13,9,17,13.15,7,12,,9.9,10.11,6.74,,,15.2,10.19,,13,12,10.22,11.6,12.5,12.3,2.8076379083,17,42,17
Oakland,Denver,-11,-13.11,-11.61,-19,-14.45,-13.04,,-12,-9,-13.29,-1,-15.04,-18.35,-9.4,-7.91,-12.8,-6.61,,-15.35,,-15.77,-14,-19,-11,,-13.3,-14.64,-12.26,-9.7,-10.5,-18.87,-11.86,-14,-13.88,-9.7,-13.05,,-14.49,-12.86,-11.5,-13.05,-12.5,-12.7,-10,-12.06,-15.9,-5.15,-15.95,-17.1,-15.5,-10.5,-18,-14,-11,-23,-16.05,-13,-12,,-18.4,-15.04,-1.98,,,-22.3,-3.98,,-13,-8,-11.31,-15.3,-15.7,-15.5,4.4730947651,34,14,17
Pittsburgh,Cleveland,9,11.63,5.95,8,7.25,8.59,,12,15,8.42,10,11.97,15.79,6.97,6.8,11.22,5.82,,9.7,,9.43,6.85,10,9,,6.9,12.56,11.06,6,5.5,6.4,6.84,10,8.91,11.9,7.25,,8.92,6.84,7,8,4.4,11.7,5,7.54,15.7,3.48,4.73,7.92,8,10,9,6,3,10,7.45,11,8,,5,8.65,1.78,,,11.5,4.67,,6,8,7.05,7.6,8.2,8.4,3.0780627896,7,20,17
San Diego,Kansas City,10,1.38,-2.16,-2,1.86,1.29,,5,10.5,3.84,5,1.25,-0.25,1.97,-0.7,4.52,0.36,,0.06,,-0.4,-11.71,5,8.5,,0.28,0.91,1.59,3.7,10,-4.53,-0.56,1,-0.42,5.7,-11.05,,3.65,-3.47,10,1.35,-1.5,3.6,3,1.05,7.5,0.53,-0.96,-1.25,-3,2.2,9,-3,4,-3,-0.8,15.5,2,,-5.1,2.83,3.35,,,-3.1,1.35,,-3,6,-1.69,3.2,2.9,2.9,4.1448181316,24,27,17
Seattle,St. Louis,13,13.68,10.7,12,18.63,11.47,,9,18,11.48,10,9.99,14.82,9.35,10.93,7.35,8.87,,14.12,,13.48,14.62,11,13,,12.97,13.1,14.31,10.6,10.5,12.07,11.84,13,11.83,7.1,14.61,,11.85,8.64,12,11.3,16.3,12.1,10,10.83,7.8,8.86,11.11,11.98,12.5,11.8,7,10,7,16,12.9,6,14,,10.2,12.65,6.72,,,16.1,9.76,,10,5,8.96,11.3,10.7,10.9,2.9068943497,9,27,17
Tennessee,Houston,7,12.81,10.16,11,3.54,8.12,,8,1.5,9.94,3,8.01,4.09,10.54,8.44,9.59,7.29,,10.31,,10.39,13.46,9,7,,6.17,12.8,12.39,6.3,6,9.07,7.54,7,9.46,10.5,8.41,,7.53,5.36,7.5,8,2.8,11.9,2,5.93,14.1,3.44,3.54,9.4,11.5,8.5,10,8,3,13,10.1,4.5,4,,7.5,6.2,1.79,,,14,4.49,,8,5,8.14,6.8,7.8,7,3.3082751503,10,16,17
Cincinnati,San Diego,7,6.09,5.15,6,10.75,5.57,,6,8.5,8.52,1,4.24,-1.02,6.76,6.25,3.26,5.17,,4.11,,4.1,14.38,7,7,5.94,7.15,4.64,6.2,5,6.5,5.81,4.54,4,5.63,4.4,12.97,,5.44,0.55,7,5.63,,6.2,8,0.28,8.3,4.72,4.82,5.28,8,5.5,7,1,3,8,5.6,2.5,6,,4.4,7.97,3.47,,,11.7,6.46,,1,5,3.27,8.1,8.1,8.4,2.6033089082,27,10,18
Green Bay,San Francisco,-3,-9.19,-4.2,-10,-4.78,-6.18,,-7,-16.5,-7.56,1,-9.97,0.39,-4.26,-3.59,-11.41,-2.05,,-10.18,,-9.58,-16.32,-9,-3.5,-8.54,-3.23,-11.38,-10.02,-3.9,-2.5,-8.11,-5.96,-10,-7.71,-7.8,-13.79,,-4.24,-7.68,-3,-6.1,,-9.9,-6,-9.55,-14.9,1.28,-2.83,-11.36,-6,-7,-2,-4,-2,-11,-10.1,-5,0.01,,-8.4,-1.03,2.17,,,-17.5,-0.1,,-3,-6,-6.15,-5.1,-6.2,-6.1,4.4996856204,23,20,18
Indianapolis,Kansas City,1,5,-0.88,3,2.3,2.09,,5,9.5,-3.23,3,2.41,7.58,0.45,0.11,3.59,0.79,,0.74,,0.24,-7.11,2,1,2.39,3.53,3.6,3.98,4.9,2.5,-3.38,2.74,3,3.06,4.2,-10.6,,0.21,1.6,1,2.39,,5,1,2.06,5.4,3.09,1.73,0.93,1,2.7,-3,2,-4,1,0.9,4.5,2,,-4.1,2.26,4.61,,,6.1,-0.98,,2,4,1.29,2.9,4.6,2.9,3.2413812592,44,45,18
Philadelphia,New Orleans,3,-1.32,0.12,-4,-1.93,-0.98,,1,6,0.81,-4,-0.07,5.65,2.23,0.5,-1.72,1.39,,-4.47,,-4.24,0.38,1,2,-2.85,0.47,-1.24,-2.03,-2.9,2.5,-2.13,-1.76,-3,-1.16,-0.1,4.54,,-4.33,-4.68,3,-1.09,,-2.3,-5,-2.61,0.1,-0.96,-1.81,-4.79,-2,1.7,1,-1,-2,-5,-3.75,-0.5,0.01,,-2.9,1.8,-0.79,,,-10.7,-0.34,,1,-3,-2.1,-0.2,0.3,-0.6,2.7318270095,26,24,18
Carolina,San Francisco,0,2.29,2.13,2,2.14,0.82,,-1,3.5,1.6,-4,-1.24,1.13,4.06,3.44,-2.73,3.44,,2.04,,2.01,-0.17,-1,0,2.65,0.12,1.88,2.31,2.4,-1,0.75,1.85,3,2.37,-1.8,-0.15,,2.46,0.09,0,1.6,,1.8,0.01,1.03,-4.5,1.28,2.78,1.65,2,1.5,-1,-1,-2,1,2.1,-3.5,-1,,-0.2,-2.73,1.32,,,6.5,2.69,,-1,3,0.52,-1.5,-2,-1.7,2.2629281383,23,10,19
Denver,San Diego,9,6.14,4.18,11,10.25,7.57,,4,6.5,9.14,7,4.95,-2.33,3.69,6.7,3.97,5.93,,10.32,,10.62,11.53,6,9,10.33,9.73,7.6,6.74,7.7,9.5,10.11,9.15,6,8.82,0.4,7.33,,10.1,5.44,10,8,,9,11,9.42,2.1,8.68,11.37,9.62,14,8.5,-7,10,7,13,11.7,1.5,8,,8.4,9.93,5.89,,,16.3,9.82,,10,5,6.66,7.3,7.4,7.7,3.8435196531,17,24,19
New England,Indianapolis,7.5,2.65,3.41,5,7.58,4.79,,6,6,4.48,9,2.77,0.01,3.01,5.14,4.11,4.83,,3.92,,4.18,3.28,10,6.5,4.68,3.92,5.05,2.87,3.6,7,4.33,3.35,3,4.83,3.7,0.57,,5.71,1.93,7,4.83,,5.8,8,7.54,8.3,3.8,8.27,3.99,5,6,8,2,3,5,5.6,5.5,6,,3,6.09,4.56,,,10.8,4.33,,2,,1.65,7,5.4,6.7,2.2252220982,22,43,19
Seattle,New Orleans,10,8.07,9.76,7,13.44,7.2,,6,16.5,10.58,6,7.1,12.14,7.21,6.74,5.47,5.67,,7.03,,6.8,14.32,9,9,7.24,5.58,7.43,9.13,6,8,6.04,6.75,8,7.38,4.2,17.59,,2.53,2.46,8,6.9,,9,4,9.51,8,4.37,9.2,7.36,6.5,6,-8,13,5,7,6.95,6.5,5,,4.7,6.57,4.2,,,12.1,4.13,,12,5,4.88,7.3,6.9,6.9,3.6587437866,15,23,19
Denver,New England,4.5,7.1,6.03,6,3.41,5.57,,3,4.5,7.57,-1,4.84,0.08,5.13,4.56,4.07,4.43,,8.91,,9.01,11.63,4,4.5,7.44,5.85,7.08,7.58,6.6,7,6.12,7.66,6,5.22,4.1,10.5,,10.73,2.62,5.5,5.59,,6.7,7,6.25,0.5,5.32,8.34,4.14,8.5,5,6,3,6,,7.8,2,5,,4.7,6.91,3.07,,,14.7,9.07,,3,4,4.74,4.8,6.6,5.2,2.6284185095,16,26,20
Seattle,San Francisco,4,5.64,5.34,4,7.69,3.9,,2,9,4.19,3,3.79,0.24,2.4,5.1,0.76,4.65,,5.94,,5.8,0.53,5,4,5.23,3.49,5.38,6.72,5.8,3.5,4.08,5.16,4,5.34,0.8,3.76,,3.83,1.04,3.5,4.11,,5.3,4,2.25,4.6,4.81,3.22,2.95,5,4.3,-1,4,5,,5.6,1,2,,2.9,1.83,4.59,,,8.2,4.53,,5,5,3.19,1.9,1.9,1.9,1.9674459943,17,23,20
